1440100368168,0,Users Count,,22.0,,,true,0,0,0,0
1440100368168,0,Tickets Count,,22.0,,,true,0,0,0,0
1440100369168,0,Users Count,,22.0,,,true,0,0,0,0
1440100369168,0,Tickets Count,,22.0,,,true,0,0,0,0
1440100370169,0,Users Count,,22.0,,,true,0,0,0,0
1440100370169,0,Tickets Count,,22.0,,,true,0,0,0,0
1440100371170,0,Users Count,,22.0,,,true,0,0,0,0
1440100371170,0,Tickets Count,,22.0,,,true,0,0,0,0
1440100372170,0,Users Count,,22.0,,,true,0,0,0,0
1440100372170,0,Tickets Count,,22.0,,,true,0,0,0,0
1440100373171,0,Users Count,,22.0,,,true,0,0,0,0
1440100373171,0,Tickets Count,,22.0,,,true,0,0,0,0
1440100374172,0,Users Count,,22.0,,,true,0,0,0,0
1440100374172,0,Tickets Count,,22.0,,,true,0,0,0,0
1440100375172,0,Users Count,,22.0,,,true,0,0,0,0
1440100375172,0,Tickets Count,,22.0,,,true,0,0,0,0
1440100376172,0,Users Count,,22.0,,,true,0,0,0,0
1440100376172,0,Tickets Count,,22.0,,,true,0,0,0,0
1440100377172,0,Users Count,,22.0,,,true,0,0,0,0
1440100377172,0,Tickets Count,,22.0,,,true,0,0,0,0
1440100378172,0,Users Count,,22.0,,,true,0,0,0,0
1440100378172,0,Tickets Count,,22.0,,,true,0,0,0,0
1440100379172,0,Users Count,,22.0,,,true,0,0,0,0
1440100379172,0,Tickets Count,,22.0,,,true,0,0,0,0
1440100380172,0,Users Count,,22.0,,,true,0,0,0,0
1440100380172,0,Tickets Count,,22.0,,,true,0,0,0,0
1440100381172,0,Users Count,,22.0,,,true,0,0,0,0
1440100381172,0,Tickets Count,,22.0,,,true,0,0,0,0
1440100382172,0,Users Count,,22.0,,,true,0,0,0,0
1440100382172,0,Tickets Count,,22.0,,,true,0,0,0,0
1440100383172,0,Users Count,,22.0,,,true,0,0,0,0
1440100383172,0,Tickets Count,,22.0,,,true,0,0,0,0
1440100384172,0,Users Count,,22.0,,,true,0,0,0,0
1440100384172,0,Tickets Count,,22.0,,,true,0,0,0,0
1440100385172,0,Users Count,,22.0,,,true,0,0,0,0
1440100385172,0,Tickets Count,,22.0,,,true,0,0,0,0
1440100386172,0,Users Count,,22.0,,,true,0,0,0,0
1440100386172,0,Tickets Count,,22.0,,,true,0,0,0,0
1440100387172,0,Users Count,,22.0,,,true,0,0,0,0
1440100387172,0,Tickets Count,,22.0,,,true,0,0,0,0
1440100388172,0,Users Count,,22.0,,,true,0,0,0,0
1440100388172,0,Tickets Count,,22.0,,,true,0,0,0,0
1440100389172,0,Users Count,,22.0,,,true,0,0,0,0
1440100389172,0,Tickets Count,,22.0,,,true,0,0,0,0
1440100390172,0,Users Count,,22.0,,,true,0,0,0,0
1440100390172,0,Tickets Count,,22.0,,,true,0,0,0,0
1440100391172,0,Users Count,,22.0,,,true,0,0,0,0
1440100391172,0,Tickets Count,,22.0,,,true,0,0,0,0
1440100392172,0,Users Count,,22.0,,,true,0,0,0,0
1440100392172,0,Tickets Count,,22.0,,,true,0,0,0,0
1440100393172,0,Users Count,,22.0,,,true,0,0,0,0
1440100393172,0,Tickets Count,,22.0,,,true,0,0,0,0
1440100394172,0,Users Count,,22.0,,,true,0,0,0,0
1440100394172,0,Tickets Count,,22.0,,,true,0,0,0,0
1440100395172,0,Users Count,,22.0,,,true,0,0,0,0
1440100395172,0,Tickets Count,,22.0,,,true,0,0,0,0
1440100396173,0,Users Count,,22.0,,,true,0,0,0,0
1440100396173,0,Tickets Count,,22.0,,,true,0,0,0,0
1440100397174,0,Users Count,,22.0,,,true,0,0,0,0
1440100397174,0,Tickets Count,,22.0,,,true,0,0,0,0
1440100398175,0,Users Count,,22.0,,,true,0,0,0,0
1440100398176,0,Tickets Count,,22.0,,,true,0,0,0,0
1440100399177,0,Users Count,,22.0,,,true,0,0,0,0
1440100399178,0,Tickets Count,,22.0,,,true,0,0,0,0
1440100400179,0,Users Count,,22.0,,,true,0,0,0,0
1440100400180,0,Tickets Count,,22.0,,,true,0,0,0,0
1440100401181,0,Users Count,,22.0,,,true,0,0,0,0
1440100401182,0,Tickets Count,,22.0,,,true,0,0,0,0
1440100402183,0,Users Count,,22.0,,,true,0,0,0,0
1440100402183,0,Tickets Count,,22.0,,,true,0,0,0,0
1440100403185,0,Users Count,,22.0,,,true,0,0,0,0
1440100403186,0,Tickets Count,,22.0,,,true,0,0,0,0
1440100404187,0,Users Count,,22.0,,,true,0,0,0,0
1440100404188,0,Tickets Count,,22.0,,,true,0,0,0,0
1440100405189,0,Users Count,,22.0,,,true,0,0,0,0
1440100405190,0,Tickets Count,,22.0,,,true,0,0,0,0
1440100406191,0,Users Count,,22.0,,,true,0,0,0,0
1440100406192,0,Tickets Count,,22.0,,,true,0,0,0,0
1440100407193,0,Users Count,,22.0,,,true,0,0,0,0
1440100407194,0,Tickets Count,,22.0,,,true,0,0,0,0
1440100408195,0,Users Count,,22.0,,,true,0,0,0,0
1440100408195,0,Tickets Count,,22.0,,,true,0,0,0,0
1440100409196,0,Users Count,,22.0,,,true,0,0,0,0
1440100409196,0,Tickets Count,,22.0,,,true,0,0,0,0
1440100410197,0,Users Count,,22.0,,,true,0,0,0,0
1440100410198,0,Tickets Count,,22.0,,,true,0,0,0,0
1440100411199,0,Users Count,,22.0,,,true,0,0,0,0
1440100411199,0,Tickets Count,,22.0,,,true,0,0,0,0
1440100412200,0,Users Count,,22.0,,,true,0,0,0,0
1440100412201,0,Tickets Count,,22.0,,,true,0,0,0,0
1440100413202,0,Users Count,,22.0,,,true,0,0,0,0
1440100413202,0,Tickets Count,,22.0,,,true,0,0,0,0
1440100414203,0,Users Count,,22.0,,,true,0,0,0,0
1440100414204,0,Tickets Count,,22.0,,,true,0,0,0,0
1440100415207,0,Users Count,,22.0,,,true,0,0,0,0
1440100415207,0,Tickets Count,,22.0,,,true,0,0,0,0
1440100416208,0,Users Count,,22.0,,,true,0,0,0,0
1440100416212,0,Tickets Count,,22.0,,,true,0,0,0,0
1440100417214,0,Users Count,,22.0,,,true,0,0,0,0
1440100417215,0,Tickets Count,,22.0,,,true,0,0,0,0
1440100418216,0,Users Count,,22.0,,,true,0,0,0,0
1440100418217,0,Tickets Count,,22.0,,,true,0,0,0,0
1440100419218,0,Users Count,,22.0,,,true,0,0,0,0
1440100419219,0,Tickets Count,,22.0,,,true,0,0,0,0
1440100420220,0,Users Count,,22.0,,,true,0,0,0,0
1440100420222,0,Tickets Count,,22.0,,,true,0,0,0,0
1440100421224,0,Users Count,,22.0,,,true,0,0,0,0
1440100421225,0,Tickets Count,,22.0,,,true,0,0,0,0
1440100422226,0,Users Count,,22.0,,,true,0,0,0,0
1440100422227,0,Tickets Count,,22.0,,,true,0,0,0,0
1440100423228,0,Users Count,,22.0,,,true,0,0,0,0
1440100423229,0,Tickets Count,,22.0,,,true,0,0,0,0
1440100424230,0,Users Count,,22.0,,,true,0,0,0,0
1440100424231,0,Tickets Count,,22.0,,,true,0,0,0,0
1440100425232,0,Users Count,,22.0,,,true,0,0,0,0
1440100425232,0,Tickets Count,,22.0,,,true,0,0,0,0
1440100426233,0,Users Count,,22.0,,,true,0,0,0,0
1440100426234,0,Tickets Count,,22.0,,,true,0,0,0,0
1440100427235,0,Users Count,,22.0,,,true,0,0,0,0
1440100427236,0,Tickets Count,,22.0,,,true,0,0,0,0
1440100428237,0,Users Count,,22.0,,,true,0,0,0,0
1440100428238,0,Tickets Count,,22.0,,,true,0,0,0,0
1440100429249,0,Users Count,,22.0,,,true,0,0,0,0
1440100429251,0,Tickets Count,,22.0,,,true,0,0,0,0
1440100430352,0,Users Count,,22.0,,,true,0,0,0,0
1440100430353,0,Tickets Count,,22.0,,,true,0,0,0,0
1440100431455,0,Users Count,,22.0,,,true,0,0,0,0
1440100431456,0,Tickets Count,,22.0,,,true,0,0,0,0
1440100432557,0,Users Count,,22.0,,,true,0,0,0,0
1440100432558,0,Tickets Count,,22.0,,,true,0,0,0,0
1440100433659,0,Users Count,,22.0,,,true,0,0,0,0
1440100433662,0,Tickets Count,,22.0,,,true,0,0,0,0
1440100434764,0,Users Count,,22.0,,,true,0,0,0,0
1440100434764,0,Tickets Count,,22.0,,,true,0,0,0,0
1440100435866,0,Users Count,,22.0,,,true,0,0,0,0
1440100435867,0,Tickets Count,,22.0,,,true,0,0,0,0
1440100436968,0,Users Count,,22.0,,,true,0,0,0,0
1440100436969,0,Tickets Count,,22.0,,,true,0,0,0,0
1440100438070,0,Users Count,,22.0,,,true,0,0,0,0
1440100438070,0,Tickets Count,,22.0,,,true,0,0,0,0
1440100439171,0,Users Count,,22.0,,,true,0,0,0,0
1440100439172,0,Tickets Count,,22.0,,,true,0,0,0,0
1440100440261,0,Users Count,,22.0,,,true,0,0,0,0
1440100440262,0,Tickets Count,,22.0,,,true,0,0,0,0
1440100441253,0,Users Count,,22.0,,,true,0,0,0,0
1440100441254,0,Tickets Count,,22.0,,,true,0,0,0,0
1440100442245,0,Users Count,,22.0,,,true,0,0,0,0
1440100442246,0,Tickets Count,,22.0,,,true,0,0,0,0
1440100443237,0,Users Count,,22.0,,,true,0,0,0,0
1440100443238,0,Tickets Count,,22.0,,,true,0,0,0,0
1440100444229,0,Users Count,,22.0,,,true,0,0,0,0
1440100444229,0,Tickets Count,,22.0,,,true,0,0,0,0
1440100445221,0,Users Count,,22.0,,,true,0,0,0,0
1440100445222,0,Tickets Count,,22.0,,,true,0,0,0,0
1440100446213,0,Users Count,,22.0,,,true,0,0,0,0
1440100446214,0,Tickets Count,,22.0,,,true,0,0,0,0
1440100447205,0,Users Count,,22.0,,,true,0,0,0,0
1440100447206,0,Tickets Count,,22.0,,,true,0,0,0,0
1440100448198,0,Users Count,,22.0,,,true,0,0,0,0
1440100448198,0,Tickets Count,,22.0,,,true,0,0,0,0
1440100449189,0,Users Count,,22.0,,,true,0,0,0,0
1440100449190,0,Tickets Count,,22.0,,,true,0,0,0,0
1440100450168,0,Users Count,,22.0,,,true,0,0,0,0
1440100450169,0,Tickets Count,,22.0,,,true,0,0,0,0
1440100451062,0,Users Count,,22.0,,,true,0,0,0,0
1440100451062,0,Tickets Count,,22.0,,,true,0,0,0,0
1440100451955,0,Users Count,,22.0,,,true,0,0,0,0
1440100451955,0,Tickets Count,,22.0,,,true,0,0,0,0
1440100452847,0,Users Count,,22.0,,,true,0,0,0,0
1440100452847,0,Tickets Count,,22.0,,,true,0,0,0,0
1440100453739,0,Users Count,,22.0,,,true,0,0,0,0
1440100453740,0,Tickets Count,,22.0,,,true,0,0,0,0
1440100454632,0,Users Count,,22.0,,,true,0,0,0,0
1440100454633,0,Tickets Count,,22.0,,,true,0,0,0,0
1440100455525,0,Users Count,,22.0,,,true,0,0,0,0
1440100455526,0,Tickets Count,,22.0,,,true,0,0,0,0
1440100456418,0,Users Count,,22.0,,,true,0,0,0,0
1440100456420,0,Tickets Count,,22.0,,,true,0,0,0,0
1440100457312,0,Users Count,,22.0,,,true,0,0,0,0
1440100457313,0,Tickets Count,,22.0,,,true,0,0,0,0
1440100458206,0,Users Count,,22.0,,,true,0,0,0,0
1440100458206,0,Tickets Count,,22.0,,,true,0,0,0,0
1440100459112,0,Users Count,,22.0,,,true,0,0,0,0
1440100459112,0,Tickets Count,,22.0,,,true,0,0,0,0
1440100460094,0,Users Count,,22.0,,,true,0,0,0,0
1440100460095,0,Tickets Count,,22.0,,,true,0,0,0,0
1440100461076,0,Users Count,,22.0,,,true,0,0,0,0
1440100461077,0,Tickets Count,,22.0,,,true,0,0,0,0
1440100462058,0,Users Count,,22.0,,,true,0,0,0,0
1440100462059,0,Tickets Count,,22.0,,,true,0,0,0,0
1440100463040,0,Users Count,,22.0,,,true,0,0,0,0
1440100463041,0,Tickets Count,,22.0,,,true,0,0,0,0
1440100464022,0,Users Count,,22.0,,,true,0,0,0,0
1440100464023,0,Tickets Count,,22.0,,,true,0,0,0,0
1440100465004,0,Users Count,,22.0,,,true,0,0,0,0
1440100465005,0,Tickets Count,,22.0,,,true,0,0,0,0
1440100465986,0,Users Count,,22.0,,,true,0,0,0,0
1440100465991,0,Tickets Count,,22.0,,,true,0,0,0,0
1440100466972,0,Users Count,,22.0,,,true,0,0,0,0
1440100466972,0,Tickets Count,,22.0,,,true,0,0,0,0
1440100467953,0,Users Count,,22.0,,,true,0,0,0,0
1440100467954,0,Tickets Count,,22.0,,,true,0,0,0,0
1440100468952,0,Users Count,,22.0,,,true,0,0,0,0
1440100468953,0,Tickets Count,,22.0,,,true,0,0,0,0
1440100470032,0,Users Count,,22.0,,,true,0,0,0,0
1440100470033,0,Tickets Count,,22.0,,,true,0,0,0,0
1440100471112,0,Users Count,,22.0,,,true,0,0,0,0
1440100471112,0,Tickets Count,,22.0,,,true,0,0,0,0
1440100472191,0,Users Count,,22.0,,,true,0,0,0,0
1440100472192,0,Tickets Count,,22.0,,,true,0,0,0,0
1440100473271,0,Users Count,,22.0,,,true,0,0,0,0
1440100473271,0,Tickets Count,,22.0,,,true,0,0,0,0
1440100474351,0,Users Count,,22.0,,,true,0,0,0,0
1440100474352,0,Tickets Count,,22.0,,,true,0,0,0,0
1440100475431,0,Users Count,,22.0,,,true,0,0,0,0
1440100475432,0,Tickets Count,,22.0,,,true,0,0,0,0
1440100476511,0,Users Count,,22.0,,,true,0,0,0,0
1440100476512,0,Tickets Count,,22.0,,,true,0,0,0,0
1440100477591,0,Users Count,,22.0,,,true,0,0,0,0
1440100477592,0,Tickets Count,,22.0,,,true,0,0,0,0
1440100478681,0,Users Count,,22.0,,,true,0,0,0,0
1440100478682,0,Tickets Count,,22.0,,,true,0,0,0,0
1440100479746,0,Users Count,,22.0,,,true,0,0,0,0
1440100479748,0,Tickets Count,,22.0,,,true,0,0,0,0
1440100480751,0,Users Count,,22.0,,,true,0,0,0,0
1440100480752,0,Tickets Count,,22.0,,,true,0,0,0,0
1440100481753,0,Users Count,,22.0,,,true,0,0,0,0
1440100481754,0,Tickets Count,,22.0,,,true,0,0,0,0
1440100482755,0,Users Count,,22.0,,,true,0,0,0,0
1440100482756,0,Tickets Count,,22.0,,,true,0,0,0,0
1440100483757,0,Users Count,,22.0,,,true,0,0,0,0
1440100483758,0,Tickets Count,,22.0,,,true,0,0,0,0
1440100484759,0,Users Count,,22.0,,,true,0,0,0,0
1440100484760,0,Tickets Count,,22.0,,,true,0,0,0,0
1440100485761,0,Users Count,,22.0,,,true,0,0,0,0
1440100485762,0,Tickets Count,,22.0,,,true,0,0,0,0
1440100486765,0,Users Count,,22.0,,,true,0,0,0,0
1440100486766,0,Tickets Count,,22.0,,,true,0,0,0,0
1440100487767,0,Users Count,,22.0,,,true,0,0,0,0
1440100487768,0,Tickets Count,,22.0,,,true,0,0,0,0
1440100488772,0,Users Count,,22.0,,,true,0,0,0,0
1440100488775,0,Tickets Count,,22.0,,,true,0,0,0,0
1440100489777,0,Users Count,,22.0,,,true,0,0,0,0
1440100489778,0,Tickets Count,,22.0,,,true,0,0,0,0
1440100490781,0,Users Count,,22.0,,,true,0,0,0,0
1440100490781,0,Tickets Count,,22.0,,,true,0,0,0,0
1440100491782,0,Users Count,,22.0,,,true,0,0,0,0
1440100491783,0,Tickets Count,,22.0,,,true,0,0,0,0
1440100492784,0,Users Count,,22.0,,,true,0,0,0,0
1440100492785,0,Tickets Count,,22.0,,,true,0,0,0,0
1440100493786,0,Users Count,,22.0,,,true,0,0,0,0
1440100493787,0,Tickets Count,,22.0,,,true,0,0,0,0
1440100494788,0,Users Count,,22.0,,,true,0,0,0,0
1440100494789,0,Tickets Count,,22.0,,,true,0,0,0,0
1440100495790,0,Users Count,,22.0,,,true,0,0,0,0
1440100495791,0,Tickets Count,,22.0,,,true,0,0,0,0
1440100496792,0,Users Count,,22.0,,,true,0,0,0,0
1440100496795,0,Tickets Count,,22.0,,,true,0,0,0,0
1440100497801,0,Users Count,,22.0,,,true,0,0,0,0
1440100497803,0,Tickets Count,,22.0,,,true,0,0,0,0
1440100498804,0,Users Count,,22.0,,,true,0,0,0,0
1440100498805,0,Tickets Count,,22.0,,,true,0,0,0,0
1440100499806,0,Users Count,,22.0,,,true,0,0,0,0
1440100499806,0,Tickets Count,,22.0,,,true,0,0,0,0
1440100500807,0,Users Count,,22.0,,,true,0,0,0,0
1440100500810,0,Tickets Count,,22.0,,,true,0,0,0,0
1440100501811,0,Users Count,,22.0,,,true,0,0,0,0
1440100501812,0,Tickets Count,,22.0,,,true,0,0,0,0
1440100502814,0,Users Count,,22.0,,,true,0,0,0,0
1440100502820,0,Tickets Count,,22.0,,,true,0,0,0,0
1440100503821,0,Users Count,,22.0,,,true,0,0,0,0
1440100503823,0,Tickets Count,,22.0,,,true,0,0,0,0
1440100504824,0,Users Count,,22.0,,,true,0,0,0,0
1440100504825,0,Tickets Count,,22.0,,,true,0,0,0,0
1440100505826,0,Users Count,,22.0,,,true,0,0,0,0
1440100505827,0,Tickets Count,,22.0,,,true,0,0,0,0
1440100506829,0,Users Count,,22.0,,,true,0,0,0,0
1440100506830,0,Tickets Count,,22.0,,,true,0,0,0,0
1440100507832,0,Users Count,,22.0,,,true,0,0,0,0
1440100507833,0,Tickets Count,,22.0,,,true,0,0,0,0
1440100508834,0,Users Count,,22.0,,,true,0,0,0,0
1440100508835,0,Tickets Count,,22.0,,,true,0,0,0,0
1440100509836,0,Users Count,,22.0,,,true,0,0,0,0
1440100509837,0,Tickets Count,,22.0,,,true,0,0,0,0
1440100510838,0,Users Count,,22.0,,,true,0,0,0,0
1440100510839,0,Tickets Count,,22.0,,,true,0,0,0,0
1440100511840,0,Users Count,,22.0,,,true,0,0,0,0
1440100511841,0,Tickets Count,,22.0,,,true,0,0,0,0
1440100512842,0,Users Count,,22.0,,,true,0,0,0,0
1440100512843,0,Tickets Count,,22.0,,,true,0,0,0,0
1440100513845,0,Users Count,,22.0,,,true,0,0,0,0
1440100513846,0,Tickets Count,,22.0,,,true,0,0,0,0
1440100514848,0,Users Count,,22.0,,,true,0,0,0,0
1440100514849,0,Tickets Count,,22.0,,,true,0,0,0,0
1440100515850,0,Users Count,,22.0,,,true,0,0,0,0
1440100515851,0,Tickets Count,,22.0,,,true,0,0,0,0
1440100516853,0,Users Count,,22.0,,,true,0,0,0,0
1440100516854,0,Tickets Count,,22.0,,,true,0,0,0,0
1440100517856,0,Users Count,,22.0,,,true,0,0,0,0
1440100517858,0,Tickets Count,,22.0,,,true,0,0,0,0
1440100518859,0,Users Count,,22.0,,,true,0,0,0,0
1440100518860,0,Tickets Count,,22.0,,,true,0,0,0,0
1440100519861,0,Users Count,,22.0,,,true,0,0,0,0
1440100519862,0,Tickets Count,,22.0,,,true,0,0,0,0
1440100520864,0,Users Count,,22.0,,,true,0,0,0,0
1440100520865,0,Tickets Count,,22.0,,,true,0,0,0,0
1440100521866,0,Users Count,,22.0,,,true,0,0,0,0
1440100521867,0,Tickets Count,,22.0,,,true,0,0,0,0
1440100522868,0,Users Count,,22.0,,,true,0,0,0,0
1440100522869,0,Tickets Count,,22.0,,,true,0,0,0,0
1440100523870,0,Users Count,,22.0,,,true,0,0,0,0
1440100523871,0,Tickets Count,,22.0,,,true,0,0,0,0
1440100524872,0,Users Count,,22.0,,,true,0,0,0,0
1440100524873,0,Tickets Count,,22.0,,,true,0,0,0,0
1440100525880,0,Users Count,,22.0,,,true,0,0,0,0
1440100525882,0,Tickets Count,,22.0,,,true,0,0,0,0
1440100526883,0,Users Count,,22.0,,,true,0,0,0,0
1440100526884,0,Tickets Count,,22.0,,,true,0,0,0,0
1440100527885,0,Users Count,,22.0,,,true,0,0,0,0
1440100527886,0,Tickets Count,,22.0,,,true,0,0,0,0
1440100528887,0,Users Count,,22.0,,,true,0,0,0,0
1440100528888,0,Tickets Count,,22.0,,,true,0,0,0,0
1440100529922,0,Users Count,,22.0,,,true,0,0,0,0
1440100529923,0,Tickets Count,,22.0,,,true,0,0,0,0
1440100531024,0,Users Count,,22.0,,,true,0,0,0,0
1440100531026,0,Tickets Count,,22.0,,,true,0,0,0,0
1440100532127,0,Users Count,,22.0,,,true,0,0,0,0
1440100532128,0,Tickets Count,,22.0,,,true,0,0,0,0
1440100533229,0,Users Count,,22.0,,,true,0,0,0,0
1440100533230,0,Tickets Count,,22.0,,,true,0,0,0,0
1440100534331,0,Users Count,,22.0,,,true,0,0,0,0
1440100534332,0,Tickets Count,,22.0,,,true,0,0,0,0
1440100535433,0,Users Count,,22.0,,,true,0,0,0,0
1440100535434,0,Tickets Count,,22.0,,,true,0,0,0,0
1440100536536,0,Users Count,,22.0,,,true,0,0,0,0
1440100536537,0,Tickets Count,,22.0,,,true,0,0,0,0
1440100537638,0,Users Count,,22.0,,,true,0,0,0,0
1440100537639,0,Tickets Count,,22.0,,,true,0,0,0,0
1440100538740,0,Users Count,,22.0,,,true,0,0,0,0
1440100538742,0,Tickets Count,,22.0,,,true,0,0,0,0
1440100539843,0,Users Count,,22.0,,,true,0,0,0,0
1440100539844,0,Tickets Count,,22.0,,,true,0,0,0,0
1440100540906,0,Users Count,,22.0,,,true,0,0,0,0
1440100540907,0,Tickets Count,,22.0,,,true,0,0,0,0
1440100541898,0,Users Count,,22.0,,,true,0,0,0,0
1440100541899,0,Tickets Count,,22.0,,,true,0,0,0,0
1440100542890,0,Users Count,,22.0,,,true,0,0,0,0
1440100542891,0,Tickets Count,,22.0,,,true,0,0,0,0
1440100543882,0,Users Count,,22.0,,,true,0,0,0,0
1440100543883,0,Tickets Count,,22.0,,,true,0,0,0,0
1440100544874,0,Users Count,,22.0,,,true,0,0,0,0
1440100544875,0,Tickets Count,,22.0,,,true,0,0,0,0
1440100545866,0,Users Count,,22.0,,,true,0,0,0,0
1440100545867,0,Tickets Count,,22.0,,,true,0,0,0,0
1440100546858,0,Users Count,,22.0,,,true,0,0,0,0
1440100546859,0,Tickets Count,,22.0,,,true,0,0,0,0
1440100547850,0,Users Count,,22.0,,,true,0,0,0,0
1440100547851,0,Tickets Count,,22.0,,,true,0,0,0,0
1440100548842,0,Users Count,,22.0,,,true,0,0,0,0
1440100548843,0,Tickets Count,,22.0,,,true,0,0,0,0
1440100549835,0,Users Count,,22.0,,,true,0,0,0,0
1440100549836,0,Tickets Count,,22.0,,,true,0,0,0,0
1440100550791,0,Users Count,,22.0,,,true,0,0,0,0
1440100550792,0,Tickets Count,,22.0,,,true,0,0,0,0
1440100551685,0,Users Count,,22.0,,,true,0,0,0,0
1440100551686,0,Tickets Count,,22.0,,,true,0,0,0,0
1440100552578,0,Users Count,,22.0,,,true,0,0,0,0
1440100552578,0,Tickets Count,,22.0,,,true,0,0,0,0
1440100553471,0,Users Count,,22.0,,,true,0,0,0,0
1440100553471,0,Tickets Count,,22.0,,,true,0,0,0,0
1440100554363,0,Users Count,,22.0,,,true,0,0,0,0
1440100554365,0,Tickets Count,,22.0,,,true,0,0,0,0
1440100555257,0,Users Count,,22.0,,,true,0,0,0,0
1440100555260,0,Tickets Count,,22.0,,,true,0,0,0,0
1440100556152,0,Users Count,,22.0,,,true,0,0,0,0
1440100556156,0,Tickets Count,,22.0,,,true,0,0,0,0
1440100557050,0,Users Count,,22.0,,,true,0,0,0,0
1440100557051,0,Tickets Count,,22.0,,,true,0,0,0,0
1440100557943,0,Users Count,,22.0,,,true,0,0,0,0
1440100557945,0,Tickets Count,,22.0,,,true,0,0,0,0
1440100558839,0,Users Count,,22.0,,,true,0,0,0,0
1440100558843,0,Tickets Count,,22.0,,,true,0,0,0,0
1440100559769,0,Users Count,,22.0,,,true,0,0,0,0
1440100559771,0,Tickets Count,,22.0,,,true,0,0,0,0
1440100560752,0,Users Count,,22.0,,,true,0,0,0,0
1440100560753,0,Tickets Count,,22.0,,,true,0,0,0,0
1440100561734,0,Users Count,,22.0,,,true,0,0,0,0
1440100561735,0,Tickets Count,,22.0,,,true,0,0,0,0
1440100562716,0,Users Count,,22.0,,,true,0,0,0,0
1440100562717,0,Tickets Count,,22.0,,,true,0,0,0,0
1440100563698,0,Users Count,,22.0,,,true,0,0,0,0
1440100563699,0,Tickets Count,,22.0,,,true,0,0,0,0
1440100564680,0,Users Count,,22.0,,,true,0,0,0,0
1440100564682,0,Tickets Count,,22.0,,,true,0,0,0,0
1440100565664,0,Users Count,,22.0,,,true,0,0,0,0
1440100565665,0,Tickets Count,,22.0,,,true,0,0,0,0
1440100566647,0,Users Count,,22.0,,,true,0,0,0,0
1440100566657,0,Tickets Count,,22.0,,,true,0,0,0,0
1440100567644,0,Users Count,,22.0,,,true,0,0,0,0
1440100567645,0,Tickets Count,,22.0,,,true,0,0,0,0
1440100568627,0,Users Count,,22.0,,,true,0,0,0,0
1440100568628,0,Tickets Count,,22.0,,,true,0,0,0,0
1440100569652,0,Users Count,,22.0,,,true,0,0,0,0
1440100569652,0,Tickets Count,,22.0,,,true,0,0,0,0
1440100570731,0,Users Count,,22.0,,,true,0,0,0,0
1440100570732,0,Tickets Count,,22.0,,,true,0,0,0,0
1440100571813,0,Users Count,,22.0,,,true,0,0,0,0
1440100571814,0,Tickets Count,,22.0,,,true,0,0,0,0
1440100572893,0,Users Count,,22.0,,,true,0,0,0,0
1440100572894,0,Tickets Count,,22.0,,,true,0,0,0,0
1440100573973,0,Users Count,,22.0,,,true,0,0,0,0
1440100573990,0,Tickets Count,,22.0,,,true,0,0,0,0
1440100575069,0,Users Count,,22.0,,,true,0,0,0,0
1440100575070,0,Tickets Count,,22.0,,,true,0,0,0,0
1440100576150,0,Users Count,,22.0,,,true,0,0,0,0
1440100576152,0,Tickets Count,,22.0,,,true,0,0,0,0
1440100577231,0,Users Count,,22.0,,,true,0,0,0,0
1440100577233,0,Tickets Count,,22.0,,,true,0,0,0,0
1440100578312,0,Users Count,,22.0,,,true,0,0,0,0
1440100578313,0,Tickets Count,,22.0,,,true,0,0,0,0
1440100579396,0,Users Count,,22.0,,,true,0,0,0,0
1440100579396,0,Tickets Count,,22.0,,,true,0,0,0,0
1440100580438,0,Users Count,,22.0,,,true,0,0,0,0
1440100580439,0,Tickets Count,,22.0,,,true,0,0,0,0
1440100581440,0,Users Count,,22.0,,,true,0,0,0,0
1440100581442,0,Tickets Count,,22.0,,,true,0,0,0,0
1440100582443,0,Users Count,,22.0,,,true,0,0,0,0
1440100582444,0,Tickets Count,,22.0,,,true,0,0,0,0
1440100583445,0,Users Count,,22.0,,,true,0,0,0,0
1440100583446,0,Tickets Count,,22.0,,,true,0,0,0,0
1440100584448,0,Users Count,,22.0,,,true,0,0,0,0
1440100584448,0,Tickets Count,,22.0,,,true,0,0,0,0
1440100585472,0,Users Count,,22.0,,,true,0,0,0,0
1440100585479,0,Tickets Count,,22.0,,,true,0,0,0,0
1440100586480,0,Users Count,,22.0,,,true,0,0,0,0
1440100586482,0,Tickets Count,,22.0,,,true,0,0,0,0
1440100587483,0,Users Count,,22.0,,,true,0,0,0,0
1440100587484,0,Tickets Count,,22.0,,,true,0,0,0,0
1440100588485,0,Users Count,,22.0,,,true,0,0,0,0
1440100588485,0,Tickets Count,,22.0,,,true,0,0,0,0
1440100589486,0,Users Count,,22.0,,,true,0,0,0,0
1440100589487,0,Tickets Count,,22.0,,,true,0,0,0,0
1440100590489,0,Users Count,,22.0,,,true,0,0,0,0
1440100590490,0,Tickets Count,,22.0,,,true,0,0,0,0
1440100591491,0,Users Count,,22.0,,,true,0,0,0,0
1440100591492,0,Tickets Count,,22.0,,,true,0,0,0,0
1440100592493,0,Users Count,,22.0,,,true,0,0,0,0
1440100592494,0,Tickets Count,,22.0,,,true,0,0,0,0
1440100593495,0,Users Count,,22.0,,,true,0,0,0,0
1440100593496,0,Tickets Count,,22.0,,,true,0,0,0,0
1440100594497,0,Users Count,,22.0,,,true,0,0,0,0
1440100594498,0,Tickets Count,,22.0,,,true,0,0,0,0
1440100595503,0,Users Count,,22.0,,,true,0,0,0,0
1440100595503,0,Tickets Count,,22.0,,,true,0,0,0,0
1440100596510,0,Users Count,,22.0,,,true,0,0,0,0
1440100596511,0,Tickets Count,,22.0,,,true,0,0,0,0
1440100597512,0,Users Count,,22.0,,,true,0,0,0,0
1440100597512,0,Tickets Count,,22.0,,,true,0,0,0,0
1440100598514,0,Users Count,,22.0,,,true,0,0,0,0
1440100598514,0,Tickets Count,,22.0,,,true,0,0,0,0
1440100599515,0,Users Count,,22.0,,,true,0,0,0,0
1440100599516,0,Tickets Count,,22.0,,,true,0,0,0,0
1440100600518,0,Users Count,,22.0,,,true,0,0,0,0
1440100600519,0,Tickets Count,,22.0,,,true,0,0,0,0
1440100601524,0,Users Count,,22.0,,,true,0,0,0,0
1440100601526,0,Tickets Count,,22.0,,,true,0,0,0,0
1440100602527,0,Users Count,,22.0,,,true,0,0,0,0
1440100602528,0,Tickets Count,,22.0,,,true,0,0,0,0
1440100603530,0,Users Count,,22.0,,,true,0,0,0,0
1440100603532,0,Tickets Count,,22.0,,,true,0,0,0,0
1440100604533,0,Users Count,,22.0,,,true,0,0,0,0
1440100604534,0,Tickets Count,,22.0,,,true,0,0,0,0
1440100605536,0,Users Count,,22.0,,,true,0,0,0,0
1440100605537,0,Tickets Count,,22.0,,,true,0,0,0,0
1440100606539,0,Users Count,,22.0,,,true,0,0,0,0
1440100606540,0,Tickets Count,,22.0,,,true,0,0,0,0
1440100607541,0,Users Count,,22.0,,,true,0,0,0,0
1440100607542,0,Tickets Count,,22.0,,,true,0,0,0,0
1440100608544,0,Users Count,,22.0,,,true,0,0,0,0
1440100608545,0,Tickets Count,,22.0,,,true,0,0,0,0
1440100609547,0,Users Count,,22.0,,,true,0,0,0,0
1440100609548,0,Tickets Count,,22.0,,,true,0,0,0,0
1440100610549,0,Users Count,,22.0,,,true,0,0,0,0
1440100610550,0,Tickets Count,,22.0,,,true,0,0,0,0
1440100611552,0,Users Count,,22.0,,,true,0,0,0,0
1440100611553,0,Tickets Count,,22.0,,,true,0,0,0,0
1440100612556,0,Users Count,,22.0,,,true,0,0,0,0
1440100612560,0,Tickets Count,,22.0,,,true,0,0,0,0
1440100613561,0,Users Count,,22.0,,,true,0,0,0,0
1440100613562,0,Tickets Count,,22.0,,,true,0,0,0,0
1440100614563,0,Users Count,,22.0,,,true,0,0,0,0
1440100614564,0,Tickets Count,,22.0,,,true,0,0,0,0
1440100615566,0,Users Count,,22.0,,,true,0,0,0,0
1440100615567,0,Tickets Count,,22.0,,,true,0,0,0,0
1440100616568,0,Users Count,,22.0,,,true,0,0,0,0
1440100616569,0,Tickets Count,,22.0,,,true,0,0,0,0
1440100617572,0,Users Count,,22.0,,,true,0,0,0,0
1440100617573,0,Tickets Count,,22.0,,,true,0,0,0,0
1440100618574,0,Users Count,,22.0,,,true,0,0,0,0
1440100618575,0,Tickets Count,,22.0,,,true,0,0,0,0
1440100619576,0,Users Count,,22.0,,,true,0,0,0,0
1440100619578,0,Tickets Count,,22.0,,,true,0,0,0,0
1440100620579,0,Users Count,,22.0,,,true,0,0,0,0
1440100620580,0,Tickets Count,,22.0,,,true,0,0,0,0
1440100621581,0,Users Count,,22.0,,,true,0,0,0,0
1440100621582,0,Tickets Count,,22.0,,,true,0,0,0,0
1440100622584,0,Users Count,,22.0,,,true,0,0,0,0
1440100622585,0,Tickets Count,,22.0,,,true,0,0,0,0
1440100623587,0,Users Count,,22.0,,,true,0,0,0,0
1440100623587,0,Tickets Count,,22.0,,,true,0,0,0,0
1440100624590,0,Users Count,,22.0,,,true,0,0,0,0
1440100624591,0,Tickets Count,,22.0,,,true,0,0,0,0
1440100625592,0,Users Count,,22.0,,,true,0,0,0,0
1440100625593,0,Tickets Count,,22.0,,,true,0,0,0,0
1440100626595,0,Users Count,,22.0,,,true,0,0,0,0
1440100626596,0,Tickets Count,,22.0,,,true,0,0,0,0
1440100627596,0,Users Count,,22.0,,,true,0,0,0,0
1440100627597,0,Tickets Count,,22.0,,,true,0,0,0,0
1440100628598,0,Users Count,,22.0,,,true,0,0,0,0
1440100628599,0,Tickets Count,,22.0,,,true,0,0,0,0
1440100629600,0,Users Count,,22.0,,,true,0,0,0,0
1440100629601,0,Tickets Count,,22.0,,,true,0,0,0,0
1440100630666,0,Users Count,,22.0,,,true,0,0,0,0
1440100630666,0,Tickets Count,,22.0,,,true,0,0,0,0
1440100631768,0,Users Count,,22.0,,,true,0,0,0,0
1440100631769,0,Tickets Count,,22.0,,,true,0,0,0,0
1440100632871,0,Users Count,,22.0,,,true,0,0,0,0
1440100632872,0,Tickets Count,,22.0,,,true,0,0,0,0
1440100633974,0,Users Count,,22.0,,,true,0,0,0,0
1440100633976,0,Tickets Count,,22.0,,,true,0,0,0,0
1440100635077,0,Users Count,,22.0,,,true,0,0,0,0
1440100635078,0,Tickets Count,,22.0,,,true,0,0,0,0
1440100636179,0,Users Count,,22.0,,,true,0,0,0,0
1440100636180,0,Tickets Count,,22.0,,,true,0,0,0,0
1440100637281,0,Users Count,,22.0,,,true,0,0,0,0
1440100637282,0,Tickets Count,,22.0,,,true,0,0,0,0
1440100638383,0,Users Count,,22.0,,,true,0,0,0,0
1440100638384,0,Tickets Count,,22.0,,,true,0,0,0,0
1440100639485,0,Users Count,,22.0,,,true,0,0,0,0
1440100639486,0,Tickets Count,,22.0,,,true,0,0,0,0
1440100640588,0,Users Count,,22.0,,,true,0,0,0,0
1440100640589,0,Tickets Count,,22.0,,,true,0,0,0,0
1440100641620,0,Users Count,,22.0,,,true,0,0,0,0
1440100641621,0,Tickets Count,,22.0,,,true,0,0,0,0
1440100642612,0,Users Count,,22.0,,,true,0,0,0,0
1440100642613,0,Tickets Count,,22.0,,,true,0,0,0,0
1440100643605,0,Users Count,,22.0,,,true,0,0,0,0
1440100643606,0,Tickets Count,,22.0,,,true,0,0,0,0
1440100644611,0,Users Count,,22.0,,,true,0,0,0,0
1440100644611,0,Tickets Count,,22.0,,,true,0,0,0,0
1440100645602,0,Users Count,,22.0,,,true,0,0,0,0
1440100645602,0,Tickets Count,,22.0,,,true,0,0,0,0
1440100646593,0,Users Count,,22.0,,,true,0,0,0,0
1440100646593,0,Tickets Count,,22.0,,,true,0,0,0,0
1440100649409,0,Users Count,,22.0,,,true,0,0,0,0
1440100649409,0,Tickets Count,,22.0,,,true,0,0,0,0
1440100650399,0,Users Count,,22.0,,,true,0,0,0,0
1440100650399,0,Tickets Count,,22.0,,,true,0,0,0,0
1440100651341,0,Users Count,,22.0,,,true,0,0,0,0
1440100651341,0,Tickets Count,,22.0,,,true,0,0,0,0
1440100652234,0,Users Count,,22.0,,,true,0,0,0,0
1440100652234,0,Tickets Count,,22.0,,,true,0,0,0,0
1440100653127,0,Users Count,,22.0,,,true,0,0,0,0
1440100653127,0,Tickets Count,,22.0,,,true,0,0,0,0
1440100654021,0,Users Count,,22.0,,,true,0,0,0,0
1440100654021,0,Tickets Count,,22.0,,,true,0,0,0,0
1440100654915,0,Users Count,,22.0,,,true,0,0,0,0
1440100654915,0,Tickets Count,,22.0,,,true,0,0,0,0
1440100655808,0,Users Count,,22.0,,,true,0,0,0,0
1440100655808,0,Tickets Count,,22.0,,,true,0,0,0,0
1440100656700,0,Users Count,,22.0,,,true,0,0,0,0
1440100656700,0,Tickets Count,,22.0,,,true,0,0,0,0
1440100657593,0,Users Count,,22.0,,,true,0,0,0,0
1440100657593,0,Tickets Count,,22.0,,,true,0,0,0,0
1440100658486,0,Users Count,,22.0,,,true,0,0,0,0
1440100658486,0,Tickets Count,,22.0,,,true,0,0,0,0
1440100659378,0,Users Count,,22.0,,,true,0,0,0,0
1440100659378,0,Tickets Count,,22.0,,,true,0,0,0,0
1440100660316,0,Users Count,,22.0,,,true,0,0,0,0
1440100660316,0,Tickets Count,,22.0,,,true,0,0,0,0
1440100661297,0,Users Count,,22.0,,,true,0,0,0,0
1440100661297,0,Tickets Count,,22.0,,,true,0,0,0,0
1440100662277,0,Users Count,,22.0,,,true,0,0,0,0
1440100662277,0,Tickets Count,,22.0,,,true,0,0,0,0
1440100663257,0,Users Count,,22.0,,,true,0,0,0,0
1440100663257,0,Tickets Count,,22.0,,,true,0,0,0,0
1440100664238,0,Users Count,,22.0,,,true,0,0,0,0
1440100664238,0,Tickets Count,,22.0,,,true,0,0,0,0
1440100665219,0,Users Count,,22.0,,,true,0,0,0,0
1440100665219,0,Tickets Count,,22.0,,,true,0,0,0,0
1440100666200,0,Users Count,,22.0,,,true,0,0,0,0
1440100666200,0,Tickets Count,,22.0,,,true,0,0,0,0
1440100667180,0,Users Count,,22.0,,,true,0,0,0,0
1440100667180,0,Tickets Count,,22.0,,,true,0,0,0,0
1440100668160,0,Users Count,,22.0,,,true,0,0,0,0
1440100668160,0,Tickets Count,,22.0,,,true,0,0,0,0
1440100669141,0,Users Count,,22.0,,,true,0,0,0,0
1440100669141,0,Tickets Count,,22.0,,,true,0,0,0,0
1440100670172,0,Users Count,,22.0,,,true,0,0,0,0
1440100670172,0,Tickets Count,,22.0,,,true,0,0,0,0
1440100671253,0,Users Count,,22.0,,,true,0,0,0,0
1440100671253,0,Tickets Count,,22.0,,,true,0,0,0,0
1440100672333,0,Users Count,,22.0,,,true,0,0,0,0
1440100672333,0,Tickets Count,,22.0,,,true,0,0,0,0
1440100673413,0,Users Count,,22.0,,,true,0,0,0,0
1440100673413,0,Tickets Count,,22.0,,,true,0,0,0,0
1440100674494,0,Users Count,,22.0,,,true,0,0,0,0
1440100674494,0,Tickets Count,,22.0,,,true,0,0,0,0
1440100675575,0,Users Count,,21.0,,,true,0,0,0,0
1440100675575,0,Tickets Count,,21.0,,,true,0,0,0,0
1440100676657,0,Users Count,,21.0,,,true,0,0,0,0
1440100676657,0,Tickets Count,,21.0,,,true,0,0,0,0
1440100677738,0,Users Count,,21.0,,,true,0,0,0,0
1440100677738,0,Tickets Count,,21.0,,,true,0,0,0,0
1440100678802,0,Users Count,,21.0,,,true,0,0,0,0
1440100678803,0,Tickets Count,,21.0,,,true,0,0,0,0
1440100679882,0,Users Count,,21.0,,,true,0,0,0,0
1440100679883,0,Tickets Count,,21.0,,,true,0,0,0,0
1440100680905,0,Users Count,,21.0,,,true,0,0,0,0
1440100680905,0,Tickets Count,,21.0,,,true,0,0,0,0
1440100681877,0,Users Count,,21.0,,,true,0,0,0,0
1440100681877,0,Tickets Count,,21.0,,,true,0,0,0,0
1440100682849,0,Users Count,,21.0,,,true,0,0,0,0
1440100682850,0,Tickets Count,,21.0,,,true,0,0,0,0
1440100683822,0,Users Count,,21.0,,,true,0,0,0,0
1440100683822,0,Tickets Count,,21.0,,,true,0,0,0,0
1440100684793,0,Users Count,,21.0,,,true,0,0,0,0
1440100684794,0,Tickets Count,,21.0,,,true,0,0,0,0
1440100685765,0,Users Count,,21.0,,,true,0,0,0,0
1440100685766,0,Tickets Count,,21.0,,,true,0,0,0,0
1440100686737,0,Users Count,,21.0,,,true,0,0,0,0
1440100686738,0,Tickets Count,,21.0,,,true,0,0,0,0
1440100687710,0,Users Count,,21.0,,,true,0,0,0,0
1440100687711,0,Tickets Count,,21.0,,,true,0,0,0,0
1440100688682,0,Users Count,,21.0,,,true,0,0,0,0
1440100688683,0,Tickets Count,,21.0,,,true,0,0,0,0
1440100689654,0,Users Count,,21.0,,,true,0,0,0,0
1440100689655,0,Tickets Count,,21.0,,,true,0,0,0,0
1440100690643,0,Users Count,,21.0,,,true,0,0,0,0
1440100690644,0,Tickets Count,,21.0,,,true,0,0,0,0
1440100691645,0,Users Count,,21.0,,,true,0,0,0,0
1440100691646,0,Tickets Count,,21.0,,,true,0,0,0,0
1440100692647,0,Users Count,,21.0,,,true,0,0,0,0
1440100692648,0,Tickets Count,,21.0,,,true,0,0,0,0
1440100693649,0,Users Count,,21.0,,,true,0,0,0,0
1440100693650,0,Tickets Count,,21.0,,,true,0,0,0,0
1440100694651,0,Users Count,,21.0,,,true,0,0,0,0
1440100694652,0,Tickets Count,,21.0,,,true,0,0,0,0
1440100695653,0,Users Count,,21.0,,,true,0,0,0,0
1440100695654,0,Tickets Count,,21.0,,,true,0,0,0,0
1440100696655,0,Users Count,,21.0,,,true,0,0,0,0
1440100696656,0,Tickets Count,,21.0,,,true,0,0,0,0
1440100697657,0,Users Count,,21.0,,,true,0,0,0,0
1440100697658,0,Tickets Count,,21.0,,,true,0,0,0,0
1440100698659,0,Users Count,,21.0,,,true,0,0,0,0
1440100698660,0,Tickets Count,,21.0,,,true,0,0,0,0
1440100699661,0,Users Count,,21.0,,,true,0,0,0,0
1440100699662,0,Tickets Count,,21.0,,,true,0,0,0,0
1440100700720,0,Users Count,,21.0,,,true,0,0,0,0
1440100700721,0,Tickets Count,,21.0,,,true,0,0,0,0
1440100701822,0,Users Count,,21.0,,,true,0,0,0,0
1440100701824,0,Tickets Count,,21.0,,,true,0,0,0,0
1440100702925,0,Users Count,,21.0,,,true,0,0,0,0
1440100702927,0,Tickets Count,,21.0,,,true,0,0,0,0
1440100704028,0,Users Count,,21.0,,,true,0,0,0,0
1440100704030,0,Tickets Count,,21.0,,,true,0,0,0,0
1440100705131,0,Users Count,,21.0,,,true,0,0,0,0
1440100705132,0,Tickets Count,,21.0,,,true,0,0,0,0
1440100706234,0,Users Count,,21.0,,,true,0,0,0,0
1440100706234,0,Tickets Count,,21.0,,,true,0,0,0,0
1440100707335,0,Users Count,,21.0,,,true,0,0,0,0
1440100707336,0,Tickets Count,,21.0,,,true,0,0,0,0
1440100708437,0,Users Count,,21.0,,,true,0,0,0,0
1440100708438,0,Tickets Count,,21.0,,,true,0,0,0,0
1440100709547,0,Users Count,,21.0,,,true,0,0,0,0
1440100709547,0,Tickets Count,,21.0,,,true,0,0,0,0
1440100710648,0,Users Count,,21.0,,,true,0,0,0,0
1440100710649,0,Tickets Count,,21.0,,,true,0,0,0,0
1440100711684,0,Users Count,,21.0,,,true,0,0,0,0
1440100711684,0,Tickets Count,,21.0,,,true,0,0,0,0
1440100712675,0,Users Count,,21.0,,,true,0,0,0,0
1440100712675,0,Tickets Count,,21.0,,,true,0,0,0,0
1440100713666,0,Users Count,,21.0,,,true,0,0,0,0
1440100713667,0,Tickets Count,,21.0,,,true,0,0,0,0
1440100714657,0,Users Count,,21.0,,,true,0,0,0,0
1440100714658,0,Tickets Count,,21.0,,,true,0,0,0,0
1440100715649,0,Users Count,,21.0,,,true,0,0,0,0
1440100715650,0,Tickets Count,,21.0,,,true,0,0,0,0
1440100716641,0,Users Count,,21.0,,,true,0,0,0,0
1440100716642,0,Tickets Count,,21.0,,,true,0,0,0,0
1440100717633,0,Users Count,,21.0,,,true,0,0,0,0
1440100717634,0,Tickets Count,,21.0,,,true,0,0,0,0
1440100718625,0,Users Count,,21.0,,,true,0,0,0,0
1440100718626,0,Tickets Count,,21.0,,,true,0,0,0,0
1440100719617,0,Users Count,,21.0,,,true,0,0,0,0
1440100719617,0,Tickets Count,,21.0,,,true,0,0,0,0
1440100720608,0,Users Count,,21.0,,,true,0,0,0,0
1440100720609,0,Tickets Count,,21.0,,,true,0,0,0,0
1440100721539,0,Users Count,,21.0,,,true,0,0,0,0
1440100721539,0,Tickets Count,,21.0,,,true,0,0,0,0
1440100722432,0,Users Count,,21.0,,,true,0,0,0,0
1440100722433,0,Tickets Count,,21.0,,,true,0,0,0,0
1440100723325,0,Users Count,,21.0,,,true,0,0,0,0
1440100723326,0,Tickets Count,,21.0,,,true,0,0,0,0
1440100724218,0,Users Count,,21.0,,,true,0,0,0,0
1440100724218,0,Tickets Count,,21.0,,,true,0,0,0,0
1440100725111,0,Users Count,,21.0,,,true,0,0,0,0
1440100725111,0,Tickets Count,,21.0,,,true,0,0,0,0
1440100726003,0,Users Count,,21.0,,,true,0,0,0,0
1440100726004,0,Tickets Count,,21.0,,,true,0,0,0,0
1440100726896,0,Users Count,,21.0,,,true,0,0,0,0
1440100726897,0,Tickets Count,,21.0,,,true,0,0,0,0
1440100727788,0,Users Count,,21.0,,,true,0,0,0,0
1440100727789,0,Tickets Count,,21.0,,,true,0,0,0,0
1440100728681,0,Users Count,,21.0,,,true,0,0,0,0
1440100728682,0,Tickets Count,,21.0,,,true,0,0,0,0
1440100729575,0,Users Count,,21.0,,,true,0,0,0,0
1440100729575,0,Tickets Count,,21.0,,,true,0,0,0,0
1440100730524,0,Users Count,,21.0,,,true,0,0,0,0
1440100730525,0,Tickets Count,,21.0,,,true,0,0,0,0
1440100731506,0,Users Count,,21.0,,,true,0,0,0,0
1440100731507,0,Tickets Count,,21.0,,,true,0,0,0,0
1440100732488,0,Users Count,,21.0,,,true,0,0,0,0
1440100732488,0,Tickets Count,,21.0,,,true,0,0,0,0
1440100733469,0,Users Count,,21.0,,,true,0,0,0,0
1440100733470,0,Tickets Count,,21.0,,,true,0,0,0,0
1440100734451,0,Users Count,,21.0,,,true,0,0,0,0
1440100734456,0,Tickets Count,,21.0,,,true,0,0,0,0
1440100735437,0,Users Count,,21.0,,,true,0,0,0,0
1440100735437,0,Tickets Count,,21.0,,,true,0,0,0,0
1440100736418,0,Users Count,,21.0,,,true,0,0,0,0
1440100736419,0,Tickets Count,,21.0,,,true,0,0,0,0
1440100737400,0,Users Count,,21.0,,,true,0,0,0,0
1440100737400,0,Tickets Count,,21.0,,,true,0,0,0,0
1440100738381,0,Users Count,,21.0,,,true,0,0,0,0
1440100738382,0,Tickets Count,,21.0,,,true,0,0,0,0
1440100739363,0,Users Count,,21.0,,,true,0,0,0,0
1440100739364,0,Tickets Count,,21.0,,,true,0,0,0,0
1440100740410,0,Users Count,,21.0,,,true,0,0,0,0
1440100740410,0,Tickets Count,,21.0,,,true,0,0,0,0
1440100741490,0,Users Count,,21.0,,,true,0,0,0,0
1440100741491,0,Tickets Count,,21.0,,,true,0,0,0,0
1440100742570,0,Users Count,,21.0,,,true,0,0,0,0
1440100742571,0,Tickets Count,,21.0,,,true,0,0,0,0
1440100743652,0,Users Count,,21.0,,,true,0,0,0,0
1440100743653,0,Tickets Count,,21.0,,,true,0,0,0,0
1440100744732,0,Users Count,,21.0,,,true,0,0,0,0
1440100744734,0,Tickets Count,,21.0,,,true,0,0,0,0
1440100745815,0,Users Count,,21.0,,,true,0,0,0,0
1440100745815,0,Tickets Count,,21.0,,,true,0,0,0,0
1440100746894,0,Users Count,,21.0,,,true,0,0,0,0
1440100746895,0,Tickets Count,,21.0,,,true,0,0,0,0
1440100747974,0,Users Count,,21.0,,,true,0,0,0,0
1440100747975,0,Tickets Count,,21.0,,,true,0,0,0,0
1440100749054,0,Users Count,,21.0,,,true,0,0,0,0
1440100749055,0,Tickets Count,,21.0,,,true,0,0,0,0
1440100750134,0,Users Count,,21.0,,,true,0,0,0,0
1440100750135,0,Tickets Count,,21.0,,,true,0,0,0,0
1440100751161,0,Users Count,,21.0,,,true,0,0,0,0
1440100751165,0,Tickets Count,,21.0,,,true,0,0,0,0
1440100752166,0,Users Count,,21.0,,,true,0,0,0,0
1440100752167,0,Tickets Count,,21.0,,,true,0,0,0,0
1440100753168,0,Users Count,,21.0,,,true,0,0,0,0
1440100753169,0,Tickets Count,,21.0,,,true,0,0,0,0
1440100754170,0,Users Count,,21.0,,,true,0,0,0,0
1440100754171,0,Tickets Count,,21.0,,,true,0,0,0,0
1440100755172,0,Users Count,,21.0,,,true,0,0,0,0
1440100755173,0,Tickets Count,,21.0,,,true,0,0,0,0
1440100756174,0,Users Count,,21.0,,,true,0,0,0,0
1440100756175,0,Tickets Count,,21.0,,,true,0,0,0,0
1440100757177,0,Users Count,,21.0,,,true,0,0,0,0
1440100757178,0,Tickets Count,,21.0,,,true,0,0,0,0
1440100758180,0,Users Count,,21.0,,,true,0,0,0,0
1440100758180,0,Tickets Count,,21.0,,,true,0,0,0,0
1440100759181,0,Users Count,,21.0,,,true,0,0,0,0
1440100759182,0,Tickets Count,,21.0,,,true,0,0,0,0
1440100760183,0,Users Count,,21.0,,,true,0,0,0,0
1440100760184,0,Tickets Count,,21.0,,,true,0,0,0,0
1440100761185,0,Users Count,,21.0,,,true,0,0,0,0
1440100761186,0,Tickets Count,,21.0,,,true,0,0,0,0
1440100762188,0,Users Count,,21.0,,,true,0,0,0,0
1440100762189,0,Tickets Count,,21.0,,,true,0,0,0,0
1440100763191,0,Users Count,,21.0,,,true,0,0,0,0
1440100763192,0,Tickets Count,,21.0,,,true,0,0,0,0
1440100764193,0,Users Count,,21.0,,,true,0,0,0,0
1440100764194,0,Tickets Count,,21.0,,,true,0,0,0,0
1440100765195,0,Users Count,,21.0,,,true,0,0,0,0
1440100765196,0,Tickets Count,,21.0,,,true,0,0,0,0
1440100766197,0,Users Count,,21.0,,,true,0,0,0,0
1440100766199,0,Tickets Count,,21.0,,,true,0,0,0,0
1440100767201,0,Users Count,,21.0,,,true,0,0,0,0
1440100767202,0,Tickets Count,,21.0,,,true,0,0,0,0
1440100768203,0,Users Count,,21.0,,,true,0,0,0,0
1440100768205,0,Tickets Count,,21.0,,,true,0,0,0,0
1440100769212,0,Users Count,,21.0,,,true,0,0,0,0
1440100769214,0,Tickets Count,,21.0,,,true,0,0,0,0
1440100770215,0,Users Count,,21.0,,,true,0,0,0,0
1440100770216,0,Tickets Count,,21.0,,,true,0,0,0,0
1440100771217,0,Users Count,,21.0,,,true,0,0,0,0
1440100771218,0,Tickets Count,,21.0,,,true,0,0,0,0
1440100772219,0,Users Count,,21.0,,,true,0,0,0,0
1440100772220,0,Tickets Count,,21.0,,,true,0,0,0,0
1440100773221,0,Users Count,,21.0,,,true,0,0,0,0
1440100773222,0,Tickets Count,,21.0,,,true,0,0,0,0
1440100774222,0,Users Count,,21.0,,,true,0,0,0,0
1440100774223,0,Tickets Count,,21.0,,,true,0,0,0,0
1440100775224,0,Users Count,,21.0,,,true,0,0,0,0
1440100775225,0,Tickets Count,,21.0,,,true,0,0,0,0
1440100776227,0,Users Count,,21.0,,,true,0,0,0,0
1440100776228,0,Tickets Count,,21.0,,,true,0,0,0,0
1440100777229,0,Users Count,,21.0,,,true,0,0,0,0
1440100777230,0,Tickets Count,,21.0,,,true,0,0,0,0
1440100778231,0,Users Count,,21.0,,,true,0,0,0,0
1440100778232,0,Tickets Count,,21.0,,,true,0,0,0,0
1440100779233,0,Users Count,,21.0,,,true,0,0,0,0
1440100779235,0,Tickets Count,,21.0,,,true,0,0,0,0
1440100780238,0,Users Count,,21.0,,,true,0,0,0,0
1440100780238,0,Tickets Count,,21.0,,,true,0,0,0,0
1440100781239,0,Users Count,,21.0,,,true,0,0,0,0
1440100781241,0,Tickets Count,,21.0,,,true,0,0,0,0
1440100782244,0,Users Count,,21.0,,,true,0,0,0,0
1440100782244,0,Tickets Count,,21.0,,,true,0,0,0,0
1440100783245,0,Users Count,,21.0,,,true,0,0,0,0
1440100783246,0,Tickets Count,,21.0,,,true,0,0,0,0
1440100784247,0,Users Count,,21.0,,,true,0,0,0,0
1440100784249,0,Tickets Count,,21.0,,,true,0,0,0,0
1440100785251,0,Users Count,,21.0,,,true,0,0,0,0
1440100785253,0,Tickets Count,,21.0,,,true,0,0,0,0
1440100786254,0,Users Count,,21.0,,,true,0,0,0,0
1440100786255,0,Tickets Count,,21.0,,,true,0,0,0,0
1440100787257,0,Users Count,,21.0,,,true,0,0,0,0
1440100787258,0,Tickets Count,,21.0,,,true,0,0,0,0
1440100788259,0,Users Count,,21.0,,,true,0,0,0,0
1440100788260,0,Tickets Count,,21.0,,,true,0,0,0,0
1440100789261,0,Users Count,,21.0,,,true,0,0,0,0
1440100789262,0,Tickets Count,,21.0,,,true,0,0,0,0
1440100790263,0,Users Count,,21.0,,,true,0,0,0,0
1440100790264,0,Tickets Count,,21.0,,,true,0,0,0,0
1440100791265,0,Users Count,,21.0,,,true,0,0,0,0
1440100791266,0,Tickets Count,,21.0,,,true,0,0,0,0
1440100792267,0,Users Count,,21.0,,,true,0,0,0,0
1440100792268,0,Tickets Count,,21.0,,,true,0,0,0,0
1440100793269,0,Users Count,,21.0,,,true,0,0,0,0
1440100793270,0,Tickets Count,,21.0,,,true,0,0,0,0
1440100794271,0,Users Count,,21.0,,,true,0,0,0,0
1440100794272,0,Tickets Count,,21.0,,,true,0,0,0,0
1440100795273,0,Users Count,,21.0,,,true,0,0,0,0
1440100795274,0,Tickets Count,,21.0,,,true,0,0,0,0
1440100796275,0,Users Count,,21.0,,,true,0,0,0,0
1440100796276,0,Tickets Count,,21.0,,,true,0,0,0,0
1440100797277,0,Users Count,,21.0,,,true,0,0,0,0
1440100797278,0,Tickets Count,,21.0,,,true,0,0,0,0
1440100798279,0,Users Count,,21.0,,,true,0,0,0,0
1440100798280,0,Tickets Count,,21.0,,,true,0,0,0,0
1440100799281,0,Users Count,,21.0,,,true,0,0,0,0
1440100799282,0,Tickets Count,,21.0,,,true,0,0,0,0
1440100800284,0,Users Count,,21.0,,,true,0,0,0,0
1440100800284,0,Tickets Count,,21.0,,,true,0,0,0,0
1440100801366,0,Users Count,,21.0,,,true,0,0,0,0
1440100801367,0,Tickets Count,,21.0,,,true,0,0,0,0
1440100802473,0,Users Count,,21.0,,,true,0,0,0,0
1440100802474,0,Tickets Count,,21.0,,,true,0,0,0,0
1440100803575,0,Users Count,,21.0,,,true,0,0,0,0
1440100803575,0,Tickets Count,,21.0,,,true,0,0,0,0
1440100804678,0,Users Count,,21.0,,,true,0,0,0,0
1440100804679,0,Tickets Count,,21.0,,,true,0,0,0,0
1440100805780,0,Users Count,,21.0,,,true,0,0,0,0
1440100805781,0,Tickets Count,,21.0,,,true,0,0,0,0
1440100806882,0,Users Count,,21.0,,,true,0,0,0,0
1440100806883,0,Tickets Count,,21.0,,,true,0,0,0,0
1440100807984,0,Users Count,,21.0,,,true,0,0,0,0
1440100807984,0,Tickets Count,,21.0,,,true,0,0,0,0
1440100809086,0,Users Count,,21.0,,,true,0,0,0,0
1440100809087,0,Tickets Count,,21.0,,,true,0,0,0,0
1440100810190,0,Users Count,,21.0,,,true,0,0,0,0
1440100810191,0,Tickets Count,,21.0,,,true,0,0,0,0
1440100811292,0,Users Count,,21.0,,,true,0,0,0,0
1440100811293,0,Tickets Count,,21.0,,,true,0,0,0,0
1440100812303,0,Users Count,,21.0,,,true,0,0,0,0
1440100812304,0,Tickets Count,,21.0,,,true,0,0,0,0
1440100813295,0,Users Count,,21.0,,,true,0,0,0,0
1440100813296,0,Tickets Count,,21.0,,,true,0,0,0,0
1440100814288,0,Users Count,,21.0,,,true,0,0,0,0
1440100814291,0,Tickets Count,,21.0,,,true,0,0,0,0
1440100815282,0,Users Count,,21.0,,,true,0,0,0,0
1440100815283,0,Tickets Count,,21.0,,,true,0,0,0,0
1440100816274,0,Users Count,,21.0,,,true,0,0,0,0
1440100816275,0,Tickets Count,,21.0,,,true,0,0,0,0
1440100817265,0,Users Count,,21.0,,,true,0,0,0,0
1440100817266,0,Tickets Count,,21.0,,,true,0,0,0,0
1440100818258,0,Users Count,,21.0,,,true,0,0,0,0
1440100818259,0,Tickets Count,,21.0,,,true,0,0,0,0
1440100819250,0,Users Count,,21.0,,,true,0,0,0,0
1440100819252,0,Tickets Count,,21.0,,,true,0,0,0,0
1440100820244,0,Users Count,,21.0,,,true,0,0,0,0
1440100820244,0,Tickets Count,,21.0,,,true,0,0,0,0
1440100821235,0,Users Count,,21.0,,,true,0,0,0,0
1440100821236,0,Tickets Count,,21.0,,,true,0,0,0,0
1440100822143,0,Users Count,,21.0,,,true,0,0,0,0
1440100822144,0,Tickets Count,,21.0,,,true,0,0,0,0
1440100823035,0,Users Count,,21.0,,,true,0,0,0,0
1440100823037,0,Tickets Count,,21.0,,,true,0,0,0,0
1440100823930,0,Users Count,,21.0,,,true,0,0,0,0
1440100823931,0,Tickets Count,,21.0,,,true,0,0,0,0
1440100824824,0,Users Count,,21.0,,,true,0,0,0,0
1440100824825,0,Tickets Count,,21.0,,,true,0,0,0,0
1440100825717,0,Users Count,,21.0,,,true,0,0,0,0
1440100825718,0,Tickets Count,,21.0,,,true,0,0,0,0
1440100826610,0,Users Count,,21.0,,,true,0,0,0,0
1440100826611,0,Tickets Count,,21.0,,,true,0,0,0,0
1440100827503,0,Users Count,,21.0,,,true,0,0,0,0
1440100827504,0,Tickets Count,,21.0,,,true,0,0,0,0
1440100828396,0,Users Count,,21.0,,,true,0,0,0,0
1440100828397,0,Tickets Count,,21.0,,,true,0,0,0,0
1440100829290,0,Users Count,,21.0,,,true,0,0,0,0
1440100829298,0,Tickets Count,,21.0,,,true,0,0,0,0
1440100830190,0,Users Count,,21.0,,,true,0,0,0,0
1440100830191,0,Tickets Count,,21.0,,,true,0,0,0,0
1440100831163,0,Users Count,,21.0,,,true,0,0,0,0
1440100831164,0,Tickets Count,,21.0,,,true,0,0,0,0
1440100832145,0,Users Count,,21.0,,,true,0,0,0,0
1440100832146,0,Tickets Count,,21.0,,,true,0,0,0,0
1440100833128,0,Users Count,,21.0,,,true,0,0,0,0
1440100833129,0,Tickets Count,,21.0,,,true,0,0,0,0
1440100834113,0,Users Count,,21.0,,,true,0,0,0,0
1440100834115,0,Tickets Count,,21.0,,,true,0,0,0,0
1440100835096,0,Users Count,,21.0,,,true,0,0,0,0
1440100835097,0,Tickets Count,,21.0,,,true,0,0,0,0
1440100836078,0,Users Count,,21.0,,,true,0,0,0,0
1440100836079,0,Tickets Count,,21.0,,,true,0,0,0,0
1440100837060,0,Users Count,,21.0,,,true,0,0,0,0
1440100837061,0,Tickets Count,,21.0,,,true,0,0,0,0
1440100838042,0,Users Count,,21.0,,,true,0,0,0,0
1440100838043,0,Tickets Count,,21.0,,,true,0,0,0,0
1440100839024,0,Users Count,,21.0,,,true,0,0,0,0
1440100839025,0,Tickets Count,,21.0,,,true,0,0,0,0
1440100840006,0,Users Count,,21.0,,,true,0,0,0,0
1440100840007,0,Tickets Count,,21.0,,,true,0,0,0,0
1440100841077,0,Users Count,,21.0,,,true,0,0,0,0
1440100841078,0,Tickets Count,,21.0,,,true,0,0,0,0
1440100842157,0,Users Count,,21.0,,,true,0,0,0,0
1440100842158,0,Tickets Count,,21.0,,,true,0,0,0,0
1440100843237,0,Users Count,,21.0,,,true,0,0,0,0
1440100843239,0,Tickets Count,,21.0,,,true,0,0,0,0
1440100844318,0,Users Count,,21.0,,,true,0,0,0,0
1440100844319,0,Tickets Count,,21.0,,,true,0,0,0,0
1440100845399,0,Users Count,,21.0,,,true,0,0,0,0
1440100845400,0,Tickets Count,,21.0,,,true,0,0,0,0
1440100846479,0,Users Count,,21.0,,,true,0,0,0,0
1440100846481,0,Tickets Count,,21.0,,,true,0,0,0,0
1440100847571,0,Users Count,,21.0,,,true,0,0,0,0
1440100847572,0,Tickets Count,,21.0,,,true,0,0,0,0
1440100848651,0,Users Count,,21.0,,,true,0,0,0,0
1440100848652,0,Tickets Count,,21.0,,,true,0,0,0,0
1440100849732,0,Users Count,,21.0,,,true,0,0,0,0
1440100849734,0,Tickets Count,,21.0,,,true,0,0,0,0
1440100850813,0,Users Count,,21.0,,,true,0,0,0,0
1440100850814,0,Tickets Count,,21.0,,,true,0,0,0,0
1440100851820,0,Users Count,,21.0,,,true,0,0,0,0
1440100851821,0,Tickets Count,,21.0,,,true,0,0,0,0
1440100852822,0,Users Count,,21.0,,,true,0,0,0,0
1440100852823,0,Tickets Count,,21.0,,,true,0,0,0,0
1440100853823,0,Users Count,,21.0,,,true,0,0,0,0
1440100853825,0,Tickets Count,,21.0,,,true,0,0,0,0
1440100854826,0,Users Count,,21.0,,,true,0,0,0,0
1440100854827,0,Tickets Count,,21.0,,,true,0,0,0,0
1440100855828,0,Users Count,,21.0,,,true,0,0,0,0
1440100855829,0,Tickets Count,,21.0,,,true,0,0,0,0
1440100856830,0,Users Count,,21.0,,,true,0,0,0,0
1440100856831,0,Tickets Count,,21.0,,,true,0,0,0,0
1440100857833,0,Users Count,,21.0,,,true,0,0,0,0
1440100857834,0,Tickets Count,,21.0,,,true,0,0,0,0
1440100858835,0,Users Count,,21.0,,,true,0,0,0,0
1440100858836,0,Tickets Count,,21.0,,,true,0,0,0,0
1440100859837,0,Users Count,,21.0,,,true,0,0,0,0
1440100859838,0,Tickets Count,,21.0,,,true,0,0,0,0
1440100860839,0,Users Count,,21.0,,,true,0,0,0,0
1440100860840,0,Tickets Count,,21.0,,,true,0,0,0,0
1440100861842,0,Users Count,,21.0,,,true,0,0,0,0
1440100861843,0,Tickets Count,,21.0,,,true,0,0,0,0
1440100862844,0,Users Count,,21.0,,,true,0,0,0,0
1440100862845,0,Tickets Count,,21.0,,,true,0,0,0,0
1440100863847,0,Users Count,,21.0,,,true,0,0,0,0
1440100863847,0,Tickets Count,,21.0,,,true,0,0,0,0
1440100864848,0,Users Count,,21.0,,,true,0,0,0,0
1440100864849,0,Tickets Count,,21.0,,,true,0,0,0,0
1440100865859,0,Users Count,,21.0,,,true,0,0,0,0
1440100865859,0,Tickets Count,,21.0,,,true,0,0,0,0
1440100866861,0,Users Count,,21.0,,,true,0,0,0,0
1440100866862,0,Tickets Count,,21.0,,,true,0,0,0,0
1440100867865,0,Users Count,,21.0,,,true,0,0,0,0
1440100867866,0,Tickets Count,,21.0,,,true,0,0,0,0
1440100868868,0,Users Count,,21.0,,,true,0,0,0,0
1440100868870,0,Tickets Count,,21.0,,,true,0,0,0,0
1440100869871,0,Users Count,,21.0,,,true,0,0,0,0
1440100869872,0,Tickets Count,,21.0,,,true,0,0,0,0
1440100870873,0,Users Count,,21.0,,,true,0,0,0,0
1440100870876,0,Tickets Count,,21.0,,,true,0,0,0,0
1440100871878,0,Users Count,,21.0,,,true,0,0,0,0
1440100871879,0,Tickets Count,,21.0,,,true,0,0,0,0
1440100872880,0,Users Count,,21.0,,,true,0,0,0,0
1440100872881,0,Tickets Count,,21.0,,,true,0,0,0,0
1440100873882,0,Users Count,,21.0,,,true,0,0,0,0
1440100873883,0,Tickets Count,,21.0,,,true,0,0,0,0
1440100874884,0,Users Count,,21.0,,,true,0,0,0,0
1440100874885,0,Tickets Count,,21.0,,,true,0,0,0,0
1440100875887,0,Users Count,,21.0,,,true,0,0,0,0
1440100875888,0,Tickets Count,,21.0,,,true,0,0,0,0
1440100876889,0,Users Count,,21.0,,,true,0,0,0,0
1440100876891,0,Tickets Count,,21.0,,,true,0,0,0,0
1440100877892,0,Users Count,,21.0,,,true,0,0,0,0
1440100877893,0,Tickets Count,,21.0,,,true,0,0,0,0
1440100878894,0,Users Count,,21.0,,,true,0,0,0,0
1440100878895,0,Tickets Count,,21.0,,,true,0,0,0,0
1440100879896,0,Users Count,,21.0,,,true,0,0,0,0
1440100879897,0,Tickets Count,,21.0,,,true,0,0,0,0
1440100880898,0,Users Count,,21.0,,,true,0,0,0,0
1440100880900,0,Tickets Count,,21.0,,,true,0,0,0,0
1440100881904,0,Users Count,,21.0,,,true,0,0,0,0
1440100881910,0,Tickets Count,,21.0,,,true,0,0,0,0
1440100882911,0,Users Count,,21.0,,,true,0,0,0,0
1440100882912,0,Tickets Count,,21.0,,,true,0,0,0,0
1440100883913,0,Users Count,,21.0,,,true,0,0,0,0
1440100883914,0,Tickets Count,,21.0,,,true,0,0,0,0
1440100884918,0,Users Count,,21.0,,,true,0,0,0,0
1440100884919,0,Tickets Count,,21.0,,,true,0,0,0,0
1440100885921,0,Users Count,,21.0,,,true,0,0,0,0
1440100885923,0,Tickets Count,,21.0,,,true,0,0,0,0
1440100886925,0,Users Count,,21.0,,,true,0,0,0,0
1440100886926,0,Tickets Count,,21.0,,,true,0,0,0,0
1440100887927,0,Users Count,,21.0,,,true,0,0,0,0
1440100887928,0,Tickets Count,,21.0,,,true,0,0,0,0
1440100888930,0,Users Count,,21.0,,,true,0,0,0,0
1440100888931,0,Tickets Count,,21.0,,,true,0,0,0,0
1440100889933,0,Users Count,,21.0,,,true,0,0,0,0
1440100889935,0,Tickets Count,,21.0,,,true,0,0,0,0
1440100890940,0,Users Count,,21.0,,,true,0,0,0,0
1440100890941,0,Tickets Count,,21.0,,,true,0,0,0,0
1440100892043,0,Users Count,,21.0,,,true,0,0,0,0
1440100892044,0,Tickets Count,,21.0,,,true,0,0,0,0
1440100893145,0,Users Count,,21.0,,,true,0,0,0,0
1440100893146,0,Tickets Count,,21.0,,,true,0,0,0,0
1440100894247,0,Users Count,,21.0,,,true,0,0,0,0
1440100894248,0,Tickets Count,,21.0,,,true,0,0,0,0
1440100895349,0,Users Count,,21.0,,,true,0,0,0,0
1440100895350,0,Tickets Count,,21.0,,,true,0,0,0,0
1440100896451,0,Users Count,,21.0,,,true,0,0,0,0
1440100896452,0,Tickets Count,,21.0,,,true,0,0,0,0
1440100897553,0,Users Count,,21.0,,,true,0,0,0,0
1440100897554,0,Tickets Count,,21.0,,,true,0,0,0,0
1440100898655,0,Users Count,,21.0,,,true,0,0,0,0
1440100898657,0,Tickets Count,,21.0,,,true,0,0,0,0
1440100899760,0,Users Count,,21.0,,,true,0,0,0,0
1440100899761,0,Tickets Count,,21.0,,,true,0,0,0,0
1440100900864,0,Users Count,,21.0,,,true,0,0,0,0
1440100900864,0,Tickets Count,,21.0,,,true,0,0,0,0
1440100901959,0,Users Count,,21.0,,,true,0,0,0,0
1440100901960,0,Tickets Count,,21.0,,,true,0,0,0,0
1440100902951,0,Users Count,,21.0,,,true,0,0,0,0
1440100902952,0,Tickets Count,,21.0,,,true,0,0,0,0
1440100903944,0,Users Count,,21.0,,,true,0,0,0,0
1440100903945,0,Tickets Count,,21.0,,,true,0,0,0,0
1440100904936,0,Users Count,,21.0,,,true,0,0,0,0
1440100904937,0,Tickets Count,,21.0,,,true,0,0,0,0
1440100905928,0,Users Count,,21.0,,,true,0,0,0,0
1440100905929,0,Tickets Count,,21.0,,,true,0,0,0,0
1440100906920,0,Users Count,,21.0,,,true,0,0,0,0
1440100906921,0,Tickets Count,,21.0,,,true,0,0,0,0
1440100907912,0,Users Count,,21.0,,,true,0,0,0,0
1440100907914,0,Tickets Count,,21.0,,,true,0,0,0,0
1440100908905,0,Users Count,,21.0,,,true,0,0,0,0
1440100908906,0,Tickets Count,,21.0,,,true,0,0,0,0
1440100909899,0,Users Count,,21.0,,,true,0,0,0,0
1440100909899,0,Tickets Count,,21.0,,,true,0,0,0,0
1440100910891,0,Users Count,,21.0,,,true,0,0,0,0
1440100910892,0,Tickets Count,,21.0,,,true,0,0,0,0
1440100911875,0,Users Count,,21.0,,,true,0,0,0,0
1440100911876,0,Tickets Count,,21.0,,,true,0,0,0,0
1440100912770,0,Users Count,,21.0,,,true,0,0,0,0
1440100912770,0,Tickets Count,,21.0,,,true,0,0,0,0
1440100913662,0,Users Count,,21.0,,,true,0,0,0,0
1440100913663,0,Tickets Count,,21.0,,,true,0,0,0,0
1440100914555,0,Users Count,,21.0,,,true,0,0,0,0
1440100914556,0,Tickets Count,,21.0,,,true,0,0,0,0
1440100915448,0,Users Count,,21.0,,,true,0,0,0,0
1440100915449,0,Tickets Count,,21.0,,,true,0,0,0,0
1440100916340,0,Users Count,,21.0,,,true,0,0,0,0
1440100916341,0,Tickets Count,,21.0,,,true,0,0,0,0
1440100917233,0,Users Count,,21.0,,,true,0,0,0,0
1440100917234,0,Tickets Count,,21.0,,,true,0,0,0,0
1440100918126,0,Users Count,,21.0,,,true,0,0,0,0
1440100918127,0,Tickets Count,,21.0,,,true,0,0,0,0
1440100919019,0,Users Count,,21.0,,,true,0,0,0,0
1440100919019,0,Tickets Count,,21.0,,,true,0,0,0,0
1440100919911,0,Users Count,,21.0,,,true,0,0,0,0
1440100919912,0,Tickets Count,,21.0,,,true,0,0,0,0
1440100920825,0,Users Count,,21.0,,,true,0,0,0,0
1440100920825,0,Tickets Count,,21.0,,,true,0,0,0,0
1440100921793,0,Users Count,,21.0,,,true,0,0,0,0
1440100921797,0,Tickets Count,,21.0,,,true,0,0,0,0
1440100922778,0,Users Count,,21.0,,,true,0,0,0,0
1440100922778,0,Tickets Count,,21.0,,,true,0,0,0,0
1440100923758,0,Users Count,,21.0,,,true,0,0,0,0
1440100923759,0,Tickets Count,,21.0,,,true,0,0,0,0
1440100924740,0,Users Count,,21.0,,,true,0,0,0,0
1440100924761,0,Tickets Count,,21.0,,,true,0,0,0,0
1440100925743,0,Users Count,,21.0,,,true,0,0,0,0
1440100925743,0,Tickets Count,,21.0,,,true,0,0,0,0
1440100926724,0,Users Count,,21.0,,,true,0,0,0,0
1440100926725,0,Tickets Count,,21.0,,,true,0,0,0,0
1440100927706,0,Users Count,,21.0,,,true,0,0,0,0
1440100927707,0,Tickets Count,,21.0,,,true,0,0,0,0
1440100928688,0,Users Count,,21.0,,,true,0,0,0,0
1440100928694,0,Tickets Count,,21.0,,,true,0,0,0,0
1440100929674,0,Users Count,,21.0,,,true,0,0,0,0
1440100929675,0,Tickets Count,,21.0,,,true,0,0,0,0
1440100930669,0,Users Count,,21.0,,,true,0,0,0,0
1440100930669,0,Tickets Count,,21.0,,,true,0,0,0,0
1440100931773,0,Users Count,,21.0,,,true,0,0,0,0
1440100931773,0,Tickets Count,,21.0,,,true,0,0,0,0
1440100932855,0,Users Count,,21.0,,,true,0,0,0,0
1440100932855,0,Tickets Count,,21.0,,,true,0,0,0,0
1440100933937,0,Users Count,,21.0,,,true,0,0,0,0
1440100933937,0,Tickets Count,,21.0,,,true,0,0,0,0
1440100936500,0,Users Count,,21.0,,,true,0,0,0,0
1440100936500,0,Tickets Count,,21.0,,,true,0,0,0,0
1440100937578,0,Users Count,,21.0,,,true,0,0,0,0
1440100937578,0,Tickets Count,,21.0,,,true,0,0,0,0
1440100938661,0,Users Count,,21.0,,,true,0,0,0,0
1440100938661,0,Tickets Count,,21.0,,,true,0,0,0,0
1440100939742,0,Users Count,,21.0,,,true,0,0,0,0
1440100939742,0,Tickets Count,,21.0,,,true,0,0,0,0
1440100940824,0,Users Count,,21.0,,,true,0,0,0,0
1440100940824,0,Tickets Count,,21.0,,,true,0,0,0,0
1440100941847,0,Users Count,,21.0,,,true,0,0,0,0
1440100941847,0,Tickets Count,,21.0,,,true,0,0,0,0
1440100942819,0,Users Count,,21.0,,,true,0,0,0,0
1440100942819,0,Tickets Count,,21.0,,,true,0,0,0,0
1440100943790,0,Users Count,,21.0,,,true,0,0,0,0
1440100943790,0,Tickets Count,,21.0,,,true,0,0,0,0
1440100944761,0,Users Count,,21.0,,,true,0,0,0,0
1440100944761,0,Tickets Count,,21.0,,,true,0,0,0,0
1440100945732,0,Users Count,,21.0,,,true,0,0,0,0
1440100945732,0,Tickets Count,,21.0,,,true,0,0,0,0
1440100946702,0,Users Count,,21.0,,,true,0,0,0,0
1440100946702,0,Tickets Count,,21.0,,,true,0,0,0,0
1440100947674,0,Users Count,,21.0,,,true,0,0,0,0
1440100947674,0,Tickets Count,,21.0,,,true,0,0,0,0
1440100948644,0,Users Count,,21.0,,,true,0,0,0,0
1440100948644,0,Tickets Count,,21.0,,,true,0,0,0,0
1440100949615,0,Users Count,,21.0,,,true,0,0,0,0
1440100949615,0,Tickets Count,,21.0,,,true,0,0,0,0
1440100950585,0,Users Count,,21.0,,,true,0,0,0,0
1440100950585,0,Tickets Count,,21.0,,,true,0,0,0,0
1440100951573,0,Users Count,,21.0,,,true,0,0,0,0
1440100951573,0,Tickets Count,,21.0,,,true,0,0,0,0
1440100952573,0,Users Count,,21.0,,,true,0,0,0,0
1440100952573,0,Tickets Count,,21.0,,,true,0,0,0,0
1440100953573,0,Users Count,,21.0,,,true,0,0,0,0
1440100953573,0,Tickets Count,,21.0,,,true,0,0,0,0
1440100954573,0,Users Count,,21.0,,,true,0,0,0,0
1440100954573,0,Tickets Count,,21.0,,,true,0,0,0,0
1440100955573,0,Users Count,,21.0,,,true,0,0,0,0
1440100955573,0,Tickets Count,,21.0,,,true,0,0,0,0
1440100956573,0,Users Count,,21.0,,,true,0,0,0,0
1440100956573,0,Tickets Count,,21.0,,,true,0,0,0,0
1440100957573,0,Users Count,,21.0,,,true,0,0,0,0
1440100957573,0,Tickets Count,,21.0,,,true,0,0,0,0
1440100958573,0,Users Count,,21.0,,,true,0,0,0,0
1440100958573,0,Tickets Count,,21.0,,,true,0,0,0,0
1440100959573,0,Users Count,,21.0,,,true,0,0,0,0
1440100959573,0,Tickets Count,,21.0,,,true,0,0,0,0
1440100960573,0,Users Count,,21.0,,,true,0,0,0,0
1440100960573,0,Tickets Count,,21.0,,,true,0,0,0,0
1440100961573,0,Users Count,,21.0,,,true,0,0,0,0
1440100961573,0,Tickets Count,,21.0,,,true,0,0,0,0
1440100962573,0,Users Count,,21.0,,,true,0,0,0,0
1440100962573,0,Tickets Count,,21.0,,,true,0,0,0,0
1440100963573,0,Users Count,,21.0,,,true,0,0,0,0
1440100963573,0,Tickets Count,,21.0,,,true,0,0,0,0
1440100964573,0,Users Count,,21.0,,,true,0,0,0,0
1440100964573,0,Tickets Count,,21.0,,,true,0,0,0,0
1440100965573,0,Users Count,,21.0,,,true,0,0,0,0
1440100965573,0,Tickets Count,,21.0,,,true,0,0,0,0
1440100966574,0,Users Count,,21.0,,,true,0,0,0,0
1440100966575,0,Tickets Count,,21.0,,,true,0,0,0,0
1440100967576,0,Users Count,,21.0,,,true,0,0,0,0
1440100967576,0,Tickets Count,,21.0,,,true,0,0,0,0
1440100968577,0,Users Count,,21.0,,,true,0,0,0,0
1440100968577,0,Tickets Count,,21.0,,,true,0,0,0,0
1440100969583,0,Users Count,,21.0,,,true,0,0,0,0
1440100969583,0,Tickets Count,,21.0,,,true,0,0,0,0
1440100970585,0,Users Count,,21.0,,,true,0,0,0,0
1440100970586,0,Tickets Count,,21.0,,,true,0,0,0,0
1440100971586,0,Users Count,,21.0,,,true,0,0,0,0
1440100971586,0,Tickets Count,,21.0,,,true,0,0,0,0
1440100972587,0,Users Count,,21.0,,,true,0,0,0,0
1440100972588,0,Tickets Count,,21.0,,,true,0,0,0,0
1440100973590,0,Users Count,,21.0,,,true,0,0,0,0
1440100973590,0,Tickets Count,,21.0,,,true,0,0,0,0
1440100974591,0,Users Count,,21.0,,,true,0,0,0,0
1440100974591,0,Tickets Count,,21.0,,,true,0,0,0,0
1440100975593,0,Users Count,,21.0,,,true,0,0,0,0
1440100975593,0,Tickets Count,,21.0,,,true,0,0,0,0
1440100976594,0,Users Count,,21.0,,,true,0,0,0,0
1440100976595,0,Tickets Count,,21.0,,,true,0,0,0,0
