1449851383028,0,Heap Memory Used,,6.64777376E8,,,true,0,0,0,0
1449851383033,0,Heap Memory Max,,3.18636032E9,,,true,0,0,0,0
1449851383034,0,Heap Memory Committed,,3.18636032E9,,,true,0,0,0,0
1449851384039,0,Heap Memory Used,,7.12081328E8,,,true,0,0,0,0
1449851384040,0,Heap Memory Max,,3.18636032E9,,,true,0,0,0,0
1449851384042,0,Heap Memory Committed,,3.18636032E9,,,true,0,0,0,0
1449851385046,0,Heap Memory Used,,7.14424104E8,,,true,0,0,0,0
1449851385048,0,Heap Memory Max,,3.18636032E9,,,true,0,0,0,0
1449851385050,0,Heap Memory Committed,,3.18636032E9,,,true,0,0,0,0
1449851386056,0,Heap Memory Used,,7.51681832E8,,,true,0,0,0,0
1449851386057,0,Heap Memory Max,,3.18636032E9,,,true,0,0,0,0
1449851386058,0,Heap Memory Committed,,3.18636032E9,,,true,0,0,0,0
1449851387065,0,Heap Memory Used,,6.06577704E8,,,true,0,0,0,0
1449851387066,0,Heap Memory Max,,3.18636032E9,,,true,0,0,0,0
1449851387067,0,Heap Memory Committed,,3.18636032E9,,,true,0,0,0,0
1449851388075,0,Heap Memory Used,,6.19132864E8,,,true,0,0,0,0
1449851388077,0,Heap Memory Max,,3.18636032E9,,,true,0,0,0,0
1449851388078,0,Heap Memory Committed,,3.18636032E9,,,true,0,0,0,0
1449851389084,0,Heap Memory Used,,6.19703912E8,,,true,0,0,0,0
1449851389086,0,Heap Memory Max,,3.18636032E9,,,true,0,0,0,0
1449851389087,0,Heap Memory Committed,,3.18636032E9,,,true,0,0,0,0
1449851390093,0,Heap Memory Used,,6.19922168E8,,,true,0,0,0,0
1449851390094,0,Heap Memory Max,,3.18636032E9,,,true,0,0,0,0
1449851390096,0,Heap Memory Committed,,3.18636032E9,,,true,0,0,0,0
1449851391102,0,Heap Memory Used,,6.20130824E8,,,true,0,0,0,0
1449851391104,0,Heap Memory Max,,3.18636032E9,,,true,0,0,0,0
1449851391105,0,Heap Memory Committed,,3.18636032E9,,,true,0,0,0,0
1449851392109,0,Heap Memory Used,,6.20433856E8,,,true,0,0,0,0
1449851392111,0,Heap Memory Max,,3.18636032E9,,,true,0,0,0,0
1449851392112,0,Heap Memory Committed,,3.18636032E9,,,true,0,0,0,0
1449851393117,0,Heap Memory Used,,6.20642504E8,,,true,0,0,0,0
1449851393119,0,Heap Memory Max,,3.18636032E9,,,true,0,0,0,0
1449851393121,0,Heap Memory Committed,,3.18636032E9,,,true,0,0,0,0
1449851394124,0,Heap Memory Used,,6.21002904E8,,,true,0,0,0,0
1449851394125,0,Heap Memory Max,,3.18636032E9,,,true,0,0,0,0
1449851394126,0,Heap Memory Committed,,3.18636032E9,,,true,0,0,0,0
1449851395132,0,Heap Memory Used,,6.21215312E8,,,true,0,0,0,0
1449851395134,0,Heap Memory Max,,3.18636032E9,,,true,0,0,0,0
1449851395136,0,Heap Memory Committed,,3.18636032E9,,,true,0,0,0,0
1449851396142,0,Heap Memory Used,,6.21384336E8,,,true,0,0,0,0
1449851396143,0,Heap Memory Max,,3.18636032E9,,,true,0,0,0,0
1449851396145,0,Heap Memory Committed,,3.18636032E9,,,true,0,0,0,0
1449851397152,0,Heap Memory Used,,6.21697776E8,,,true,0,0,0,0
1449851397153,0,Heap Memory Max,,3.18636032E9,,,true,0,0,0,0
1449851397155,0,Heap Memory Committed,,3.18636032E9,,,true,0,0,0,0
1449851398159,0,Heap Memory Used,,6.21913872E8,,,true,0,0,0,0
1449851398160,0,Heap Memory Max,,3.18636032E9,,,true,0,0,0,0
1449851398162,0,Heap Memory Committed,,3.18636032E9,,,true,0,0,0,0
1449851399168,0,Heap Memory Used,,6.2223876E8,,,true,0,0,0,0
1449851399169,0,Heap Memory Max,,3.18636032E9,,,true,0,0,0,0
1449851399170,0,Heap Memory Committed,,3.18636032E9,,,true,0,0,0,0
1449851400177,0,Heap Memory Used,,6.22419392E8,,,true,0,0,0,0
1449851400178,0,Heap Memory Max,,3.18636032E9,,,true,0,0,0,0
1449851400180,0,Heap Memory Committed,,3.18636032E9,,,true,0,0,0,0
1449851401186,0,Heap Memory Used,,6.37079368E8,,,true,0,0,0,0
1449851401188,0,Heap Memory Max,,3.18636032E9,,,true,0,0,0,0
1449851401189,0,Heap Memory Committed,,3.18636032E9,,,true,0,0,0,0
1449851402195,0,Heap Memory Used,,6.373626E8,,,true,0,0,0,0
1449851402197,0,Heap Memory Max,,3.18636032E9,,,true,0,0,0,0
1449851402198,0,Heap Memory Committed,,3.18636032E9,,,true,0,0,0,0
1449851403204,0,Heap Memory Used,,6.37529344E8,,,true,0,0,0,0
1449851403205,0,Heap Memory Max,,3.18636032E9,,,true,0,0,0,0
1449851403207,0,Heap Memory Committed,,3.18636032E9,,,true,0,0,0,0
1449851404213,0,Heap Memory Used,,6.38054536E8,,,true,0,0,0,0
1449851404214,0,Heap Memory Max,,3.18636032E9,,,true,0,0,0,0
1449851404215,0,Heap Memory Committed,,3.18636032E9,,,true,0,0,0,0
1449851405219,0,Heap Memory Used,,6.3822776E8,,,true,0,0,0,0
1449851405221,0,Heap Memory Max,,3.18636032E9,,,true,0,0,0,0
1449851405222,0,Heap Memory Committed,,3.18636032E9,,,true,0,0,0,0
1449851406229,0,Heap Memory Used,,6.38440096E8,,,true,0,0,0,0
1449851406231,0,Heap Memory Max,,3.18636032E9,,,true,0,0,0,0
1449851406232,0,Heap Memory Committed,,3.18636032E9,,,true,0,0,0,0
1449851407238,0,Heap Memory Used,,6.38661592E8,,,true,0,0,0,0
1449851407240,0,Heap Memory Max,,3.18636032E9,,,true,0,0,0,0
1449851407241,0,Heap Memory Committed,,3.18636032E9,,,true,0,0,0,0
1449851408247,0,Heap Memory Used,,6.38936848E8,,,true,0,0,0,0
1449851408248,0,Heap Memory Max,,3.18636032E9,,,true,0,0,0,0
1449851408249,0,Heap Memory Committed,,3.18636032E9,,,true,0,0,0,0
1449851409254,0,Heap Memory Used,,6.39315176E8,,,true,0,0,0,0
1449851409256,0,Heap Memory Max,,3.18636032E9,,,true,0,0,0,0
1449851409257,0,Heap Memory Committed,,3.18636032E9,,,true,0,0,0,0
1449851410264,0,Heap Memory Used,,6.39440032E8,,,true,0,0,0,0
1449851410265,0,Heap Memory Max,,3.18636032E9,,,true,0,0,0,0
1449851410266,0,Heap Memory Committed,,3.18636032E9,,,true,0,0,0,0
1449851411270,0,Heap Memory Used,,6.39731328E8,,,true,0,0,0,0
1449851411271,0,Heap Memory Max,,3.18636032E9,,,true,0,0,0,0
1449851411272,0,Heap Memory Committed,,3.18636032E9,,,true,0,0,0,0
1449851412278,0,Heap Memory Used,,6.3993936E8,,,true,0,0,0,0
1449851412280,0,Heap Memory Max,,3.18636032E9,,,true,0,0,0,0
1449851412281,0,Heap Memory Committed,,3.18636032E9,,,true,0,0,0,0
1449851413287,0,Heap Memory Used,,6.40213552E8,,,true,0,0,0,0
1449851413288,0,Heap Memory Max,,3.18636032E9,,,true,0,0,0,0
1449851413289,0,Heap Memory Committed,,3.18636032E9,,,true,0,0,0,0
1449851414318,0,Heap Memory Used,,6.40606184E8,,,true,0,0,0,0
1449851414321,0,Heap Memory Max,,3.18636032E9,,,true,0,0,0,0
1449851414322,0,Heap Memory Committed,,3.18636032E9,,,true,0,0,0,0
1449851415328,0,Heap Memory Used,,6.74003448E8,,,true,0,0,0,0
1449851415329,0,Heap Memory Max,,3.18636032E9,,,true,0,0,0,0
1449851415331,0,Heap Memory Committed,,3.18636032E9,,,true,0,0,0,0
1449851416337,0,Heap Memory Used,,7.38267448E8,,,true,0,0,0,0
1449851416338,0,Heap Memory Max,,3.18636032E9,,,true,0,0,0,0
1449851416339,0,Heap Memory Committed,,3.18636032E9,,,true,0,0,0,0
1449851417345,0,Heap Memory Used,,7.39127744E8,,,true,0,0,0,0
1449851417346,0,Heap Memory Max,,3.18636032E9,,,true,0,0,0,0
1449851417347,0,Heap Memory Committed,,3.18636032E9,,,true,0,0,0,0
1449851418354,0,Heap Memory Used,,7.39541232E8,,,true,0,0,0,0
1449851418355,0,Heap Memory Max,,3.18636032E9,,,true,0,0,0,0
1449851418356,0,Heap Memory Committed,,3.18636032E9,,,true,0,0,0,0
1449851419363,0,Heap Memory Used,,7.39925728E8,,,true,0,0,0,0
1449851419364,0,Heap Memory Max,,3.18636032E9,,,true,0,0,0,0
1449851419365,0,Heap Memory Committed,,3.18636032E9,,,true,0,0,0,0
1449851420371,0,Heap Memory Used,,7.40168896E8,,,true,0,0,0,0
1449851420372,0,Heap Memory Max,,3.18636032E9,,,true,0,0,0,0
1449851420373,0,Heap Memory Committed,,3.18636032E9,,,true,0,0,0,0
1449851421380,0,Heap Memory Used,,7.539308E8,,,true,0,0,0,0
1449851421380,0,Heap Memory Max,,3.18636032E9,,,true,0,0,0,0
1449851421381,0,Heap Memory Committed,,3.18636032E9,,,true,0,0,0,0
1449851422387,0,Heap Memory Used,,8.06603848E8,,,true,0,0,0,0
1449851422388,0,Heap Memory Max,,3.18636032E9,,,true,0,0,0,0
1449851422389,0,Heap Memory Committed,,3.18636032E9,,,true,0,0,0,0
1449851423395,0,Heap Memory Used,,8.179952E8,,,true,0,0,0,0
1449851423396,0,Heap Memory Max,,3.18636032E9,,,true,0,0,0,0
1449851423397,0,Heap Memory Committed,,3.18636032E9,,,true,0,0,0,0
1449851424402,0,Heap Memory Used,,8.18231744E8,,,true,0,0,0,0
1449851424403,0,Heap Memory Max,,3.18636032E9,,,true,0,0,0,0
1449851424404,0,Heap Memory Committed,,3.18636032E9,,,true,0,0,0,0
1449851425414,0,Heap Memory Used,,5.82696608E8,,,true,0,0,0,0
1449851425417,0,Heap Memory Max,,3.18636032E9,,,true,0,0,0,0
1449851425420,0,Heap Memory Committed,,3.18636032E9,,,true,0,0,0,0
1449851426426,0,Heap Memory Used,,5.97023832E8,,,true,0,0,0,0
1449851426428,0,Heap Memory Max,,3.18636032E9,,,true,0,0,0,0
1449851426430,0,Heap Memory Committed,,3.18636032E9,,,true,0,0,0,0
1449851427435,0,Heap Memory Used,,5.99771344E8,,,true,0,0,0,0
1449851427436,0,Heap Memory Max,,3.18636032E9,,,true,0,0,0,0
1449851427437,0,Heap Memory Committed,,3.18636032E9,,,true,0,0,0,0
1449851428442,0,Heap Memory Used,,6.00134824E8,,,true,0,0,0,0
1449851428444,0,Heap Memory Max,,3.18636032E9,,,true,0,0,0,0
1449851428445,0,Heap Memory Committed,,3.18636032E9,,,true,0,0,0,0
1449851429452,0,Heap Memory Used,,6.00488392E8,,,true,0,0,0,0
1449851429453,0,Heap Memory Max,,3.18636032E9,,,true,0,0,0,0
1449851429454,0,Heap Memory Committed,,3.18636032E9,,,true,0,0,0,0
1449851430459,0,Heap Memory Used,,6.00670856E8,,,true,0,0,0,0
1449851430460,0,Heap Memory Max,,3.18636032E9,,,true,0,0,0,0
1449851430461,0,Heap Memory Committed,,3.18636032E9,,,true,0,0,0,0
1449851431464,0,Heap Memory Used,,6.5499184E8,,,true,0,0,0,0
1449851431465,0,Heap Memory Max,,3.18636032E9,,,true,0,0,0,0
1449851431466,0,Heap Memory Committed,,3.18636032E9,,,true,0,0,0,0
1449851432472,0,Heap Memory Used,,6.55202104E8,,,true,0,0,0,0
1449851432473,0,Heap Memory Max,,3.18636032E9,,,true,0,0,0,0
1449851432475,0,Heap Memory Committed,,3.18636032E9,,,true,0,0,0,0
1449851433481,0,Heap Memory Used,,6.55479216E8,,,true,0,0,0,0
1449851433482,0,Heap Memory Max,,3.18636032E9,,,true,0,0,0,0
1449851433483,0,Heap Memory Committed,,3.18636032E9,,,true,0,0,0,0
1449851434489,0,Heap Memory Used,,6.55720592E8,,,true,0,0,0,0
1449851434491,0,Heap Memory Max,,3.18636032E9,,,true,0,0,0,0
1449851434492,0,Heap Memory Committed,,3.18636032E9,,,true,0,0,0,0
1449851435498,0,Heap Memory Used,,6.55905656E8,,,true,0,0,0,0
1449851435499,0,Heap Memory Max,,3.18636032E9,,,true,0,0,0,0
1449851435500,0,Heap Memory Committed,,3.18636032E9,,,true,0,0,0,0
1449851436504,0,Heap Memory Used,,6.56195856E8,,,true,0,0,0,0
1449851436506,0,Heap Memory Max,,3.18636032E9,,,true,0,0,0,0
1449851436507,0,Heap Memory Committed,,3.18636032E9,,,true,0,0,0,0
1449851437511,0,Heap Memory Used,,6.564246E8,,,true,0,0,0,0
1449851437513,0,Heap Memory Max,,3.18636032E9,,,true,0,0,0,0
1449851437514,0,Heap Memory Committed,,3.18636032E9,,,true,0,0,0,0
1449851438520,0,Heap Memory Used,,6.5681756E8,,,true,0,0,0,0
1449851438521,0,Heap Memory Max,,3.18636032E9,,,true,0,0,0,0
1449851438522,0,Heap Memory Committed,,3.18636032E9,,,true,0,0,0,0
1449851439528,0,Heap Memory Used,,6.5702356E8,,,true,0,0,0,0
1449851439529,0,Heap Memory Max,,3.18636032E9,,,true,0,0,0,0
1449851439530,0,Heap Memory Committed,,3.18636032E9,,,true,0,0,0,0
1449851440536,0,Heap Memory Used,,6.57302408E8,,,true,0,0,0,0
1449851440539,0,Heap Memory Max,,3.18636032E9,,,true,0,0,0,0
1449851440540,0,Heap Memory Committed,,3.18636032E9,,,true,0,0,0,0
1449851441546,0,Heap Memory Used,,6.5760728E8,,,true,0,0,0,0
1449851441547,0,Heap Memory Max,,3.18636032E9,,,true,0,0,0,0
1449851441548,0,Heap Memory Committed,,3.18636032E9,,,true,0,0,0,0
1449851442554,0,Heap Memory Used,,6.5783536E8,,,true,0,0,0,0
1449851442555,0,Heap Memory Max,,3.18636032E9,,,true,0,0,0,0
1449851442556,0,Heap Memory Committed,,3.18636032E9,,,true,0,0,0,0
1449851443562,0,Heap Memory Used,,6.58144224E8,,,true,0,0,0,0
1449851443565,0,Heap Memory Max,,3.18636032E9,,,true,0,0,0,0
1449851443566,0,Heap Memory Committed,,3.18636032E9,,,true,0,0,0,0
1449851444574,0,Heap Memory Used,,6.58356664E8,,,true,0,0,0,0
1449851444576,0,Heap Memory Max,,3.18636032E9,,,true,0,0,0,0
1449851444577,0,Heap Memory Committed,,3.18636032E9,,,true,0,0,0,0
1449851445583,0,Heap Memory Used,,6.83987912E8,,,true,0,0,0,0
1449851445584,0,Heap Memory Max,,3.18636032E9,,,true,0,0,0,0
1449851445586,0,Heap Memory Committed,,3.18636032E9,,,true,0,0,0,0
1449851446591,0,Heap Memory Used,,6.84489416E8,,,true,0,0,0,0
1449851446592,0,Heap Memory Max,,3.18636032E9,,,true,0,0,0,0
1449851446593,0,Heap Memory Committed,,3.18636032E9,,,true,0,0,0,0
1449851447598,0,Heap Memory Used,,6.84706328E8,,,true,0,0,0,0
1449851447599,0,Heap Memory Max,,3.18636032E9,,,true,0,0,0,0
1449851447600,0,Heap Memory Committed,,3.18636032E9,,,true,0,0,0,0
1449851448606,0,Heap Memory Used,,6.85132784E8,,,true,0,0,0,0
1449851448607,0,Heap Memory Max,,3.18636032E9,,,true,0,0,0,0
1449851448607,0,Heap Memory Committed,,3.18636032E9,,,true,0,0,0,0
1449851449613,0,Heap Memory Used,,6.85338008E8,,,true,0,0,0,0
1449851449614,0,Heap Memory Max,,3.18636032E9,,,true,0,0,0,0
1449851449615,0,Heap Memory Committed,,3.18636032E9,,,true,0,0,0,0
1449851450621,0,Heap Memory Used,,6.85560392E8,,,true,0,0,0,0
1449851450622,0,Heap Memory Max,,3.18636032E9,,,true,0,0,0,0
1449851450623,0,Heap Memory Committed,,3.18636032E9,,,true,0,0,0,0
1449851451628,0,Heap Memory Used,,6.85758232E8,,,true,0,0,0,0
1449851451629,0,Heap Memory Max,,3.18636032E9,,,true,0,0,0,0
1449851451630,0,Heap Memory Committed,,3.18636032E9,,,true,0,0,0,0
1449851452636,0,Heap Memory Used,,6.86013968E8,,,true,0,0,0,0
1449851452637,0,Heap Memory Max,,3.18636032E9,,,true,0,0,0,0
1449851452638,0,Heap Memory Committed,,3.18636032E9,,,true,0,0,0,0
1449851453643,0,Heap Memory Used,,6.86364296E8,,,true,0,0,0,0
1449851453644,0,Heap Memory Max,,3.18636032E9,,,true,0,0,0,0
1449851453645,0,Heap Memory Committed,,3.18636032E9,,,true,0,0,0,0
1449851454648,0,Heap Memory Used,,6.96256648E8,,,true,0,0,0,0
1449851454650,0,Heap Memory Max,,3.18636032E9,,,true,0,0,0,0
1449851454650,0,Heap Memory Committed,,3.18636032E9,,,true,0,0,0,0
1449851455656,0,Heap Memory Used,,6.96503544E8,,,true,0,0,0,0
1449851455657,0,Heap Memory Max,,3.18636032E9,,,true,0,0,0,0
1449851455659,0,Heap Memory Committed,,3.18636032E9,,,true,0,0,0,0
1449851456664,0,Heap Memory Used,,6.96849456E8,,,true,0,0,0,0
1449851456665,0,Heap Memory Max,,3.18636032E9,,,true,0,0,0,0
1449851456666,0,Heap Memory Committed,,3.18636032E9,,,true,0,0,0,0
1449851457672,0,Heap Memory Used,,6.9707812E8,,,true,0,0,0,0
1449851457673,0,Heap Memory Max,,3.18636032E9,,,true,0,0,0,0
1449851457674,0,Heap Memory Committed,,3.18636032E9,,,true,0,0,0,0
1449851458675,0,Heap Memory Used,,6.97387512E8,,,true,0,0,0,0
1449851458676,0,Heap Memory Max,,3.18636032E9,,,true,0,0,0,0
1449851458677,0,Heap Memory Committed,,3.18636032E9,,,true,0,0,0,0
1449851459683,0,Heap Memory Used,,6.97583256E8,,,true,0,0,0,0
1449851459684,0,Heap Memory Max,,3.18636032E9,,,true,0,0,0,0
1449851459685,0,Heap Memory Committed,,3.18636032E9,,,true,0,0,0,0
1449851460690,0,Heap Memory Used,,7.10398008E8,,,true,0,0,0,0
1449851460691,0,Heap Memory Max,,3.18636032E9,,,true,0,0,0,0
1449851460691,0,Heap Memory Committed,,3.18636032E9,,,true,0,0,0,0
1449851461696,0,Heap Memory Used,,7.10671432E8,,,true,0,0,0,0
1449851461697,0,Heap Memory Max,,3.18636032E9,,,true,0,0,0,0
1449851461698,0,Heap Memory Committed,,3.18636032E9,,,true,0,0,0,0
1449851462704,0,Heap Memory Used,,7.10903896E8,,,true,0,0,0,0
1449851462705,0,Heap Memory Max,,3.18636032E9,,,true,0,0,0,0
1449851462705,0,Heap Memory Committed,,3.18636032E9,,,true,0,0,0,0
1449851463710,0,Heap Memory Used,,7.11213168E8,,,true,0,0,0,0
1449851463711,0,Heap Memory Max,,3.18636032E9,,,true,0,0,0,0
1449851463712,0,Heap Memory Committed,,3.18636032E9,,,true,0,0,0,0
1449851464718,0,Heap Memory Used,,7.11418752E8,,,true,0,0,0,0
1449851464719,0,Heap Memory Max,,3.18636032E9,,,true,0,0,0,0
1449851464720,0,Heap Memory Committed,,3.18636032E9,,,true,0,0,0,0
1449852269988,0,Heap Memory Used,,5.98619128E8,,,true,0,0,0,0
1449852270017,0,Heap Memory Max,,3.18636032E9,,,true,0,0,0,0
1449852270024,0,Heap Memory Committed,,3.18636032E9,,,true,0,0,0,0
1449852271030,0,Heap Memory Used,,6.59027608E8,,,true,0,0,0,0
1449852271031,0,Heap Memory Max,,3.18636032E9,,,true,0,0,0,0
1449852271033,0,Heap Memory Committed,,3.18636032E9,,,true,0,0,0,0
1449852272040,0,Heap Memory Used,,6.5920852E8,,,true,0,0,0,0
1449852272042,0,Heap Memory Max,,3.18636032E9,,,true,0,0,0,0
1449852272043,0,Heap Memory Committed,,3.18636032E9,,,true,0,0,0,0
1449852273050,0,Heap Memory Used,,6.59423888E8,,,true,0,0,0,0
1449852273052,0,Heap Memory Max,,3.18636032E9,,,true,0,0,0,0
1449852273056,0,Heap Memory Committed,,3.18636032E9,,,true,0,0,0,0
1449852274063,0,Heap Memory Used,,6.59610168E8,,,true,0,0,0,0
1449852274064,0,Heap Memory Max,,3.18636032E9,,,true,0,0,0,0
1449852274065,0,Heap Memory Committed,,3.18636032E9,,,true,0,0,0,0
1449852275069,0,Heap Memory Used,,6.59885704E8,,,true,0,0,0,0
1449852275071,0,Heap Memory Max,,3.18636032E9,,,true,0,0,0,0
1449852275073,0,Heap Memory Committed,,3.18636032E9,,,true,0,0,0,0
1449852276077,0,Heap Memory Used,,6.6007072E8,,,true,0,0,0,0
1449852276079,0,Heap Memory Max,,3.18636032E9,,,true,0,0,0,0
1449852276080,0,Heap Memory Committed,,3.18636032E9,,,true,0,0,0,0
1449852277086,0,Heap Memory Used,,6.60251096E8,,,true,0,0,0,0
1449852277088,0,Heap Memory Max,,3.18636032E9,,,true,0,0,0,0
1449852277089,0,Heap Memory Committed,,3.18636032E9,,,true,0,0,0,0
1449852278094,0,Heap Memory Used,,6.60580152E8,,,true,0,0,0,0
1449852278096,0,Heap Memory Max,,3.18636032E9,,,true,0,0,0,0
1449852278097,0,Heap Memory Committed,,3.18636032E9,,,true,0,0,0,0
1449852279102,0,Heap Memory Used,,6.6077524E8,,,true,0,0,0,0
1449852279103,0,Heap Memory Max,,3.18636032E9,,,true,0,0,0,0
1449852279105,0,Heap Memory Committed,,3.18636032E9,,,true,0,0,0,0
1449852280111,0,Heap Memory Used,,6.610452E8,,,true,0,0,0,0
1449852280113,0,Heap Memory Max,,3.18636032E9,,,true,0,0,0,0
1449852280114,0,Heap Memory Committed,,3.18636032E9,,,true,0,0,0,0
1449852281119,0,Heap Memory Used,,6.61371328E8,,,true,0,0,0,0
1449852281121,0,Heap Memory Max,,3.18636032E9,,,true,0,0,0,0
1449852281122,0,Heap Memory Committed,,3.18636032E9,,,true,0,0,0,0
1449852282128,0,Heap Memory Used,,6.61638288E8,,,true,0,0,0,0
1449852282130,0,Heap Memory Max,,3.18636032E9,,,true,0,0,0,0
1449852282131,0,Heap Memory Committed,,3.18636032E9,,,true,0,0,0,0
1449852283134,0,Heap Memory Used,,6.61755472E8,,,true,0,0,0,0
1449852283136,0,Heap Memory Max,,3.18636032E9,,,true,0,0,0,0
1449852283137,0,Heap Memory Committed,,3.18636032E9,,,true,0,0,0,0
1449852284143,0,Heap Memory Used,,6.62116024E8,,,true,0,0,0,0
1449852284144,0,Heap Memory Max,,3.18636032E9,,,true,0,0,0,0
1449852284145,0,Heap Memory Committed,,3.18636032E9,,,true,0,0,0,0
1449852285150,0,Heap Memory Used,,6.77446088E8,,,true,0,0,0,0
1449852285152,0,Heap Memory Max,,3.18636032E9,,,true,0,0,0,0
1449852285154,0,Heap Memory Committed,,3.18636032E9,,,true,0,0,0,0
1449852286160,0,Heap Memory Used,,6.98984808E8,,,true,0,0,0,0
1449852286162,0,Heap Memory Max,,3.18636032E9,,,true,0,0,0,0
1449852286163,0,Heap Memory Committed,,3.18636032E9,,,true,0,0,0,0
1449852287168,0,Heap Memory Used,,6.99103416E8,,,true,0,0,0,0
1449852287170,0,Heap Memory Max,,3.18636032E9,,,true,0,0,0,0
1449852287172,0,Heap Memory Committed,,3.18636032E9,,,true,0,0,0,0
1449852288177,0,Heap Memory Used,,6.99701824E8,,,true,0,0,0,0
1449852288178,0,Heap Memory Max,,3.18636032E9,,,true,0,0,0,0
1449852288182,0,Heap Memory Committed,,3.18636032E9,,,true,0,0,0,0
1449852289186,0,Heap Memory Used,,6.99791488E8,,,true,0,0,0,0
1449852289187,0,Heap Memory Max,,3.18636032E9,,,true,0,0,0,0
1449852289188,0,Heap Memory Committed,,3.18636032E9,,,true,0,0,0,0
1449852290195,0,Heap Memory Used,,7.00073152E8,,,true,0,0,0,0
1449852290196,0,Heap Memory Max,,3.18636032E9,,,true,0,0,0,0
1449852290198,0,Heap Memory Committed,,3.18636032E9,,,true,0,0,0,0
1449852291202,0,Heap Memory Used,,7.00314616E8,,,true,0,0,0,0
1449852291203,0,Heap Memory Max,,3.18636032E9,,,true,0,0,0,0
1449852291203,0,Heap Memory Committed,,3.18636032E9,,,true,0,0,0,0
1449852292210,0,Heap Memory Used,,7.00499656E8,,,true,0,0,0,0
1449852292211,0,Heap Memory Max,,3.18636032E9,,,true,0,0,0,0
1449852292212,0,Heap Memory Committed,,3.18636032E9,,,true,0,0,0,0
1449852293219,0,Heap Memory Used,,7.00705392E8,,,true,0,0,0,0
1449852293220,0,Heap Memory Max,,3.18636032E9,,,true,0,0,0,0
1449852293222,0,Heap Memory Committed,,3.18636032E9,,,true,0,0,0,0
1449852294227,0,Heap Memory Used,,7.00891536E8,,,true,0,0,0,0
1449852294228,0,Heap Memory Max,,3.18636032E9,,,true,0,0,0,0
1449852294229,0,Heap Memory Committed,,3.18636032E9,,,true,0,0,0,0
1449852295235,0,Heap Memory Used,,7.01080664E8,,,true,0,0,0,0
1449852295236,0,Heap Memory Max,,3.18636032E9,,,true,0,0,0,0
1449852295237,0,Heap Memory Committed,,3.18636032E9,,,true,0,0,0,0
1449852296242,0,Heap Memory Used,,7.01356384E8,,,true,0,0,0,0
1449852296243,0,Heap Memory Max,,3.18636032E9,,,true,0,0,0,0
1449852296244,0,Heap Memory Committed,,3.18636032E9,,,true,0,0,0,0
1449852297248,0,Heap Memory Used,,7.01544336E8,,,true,0,0,0,0
1449852297249,0,Heap Memory Max,,3.18636032E9,,,true,0,0,0,0
1449852297250,0,Heap Memory Committed,,3.18636032E9,,,true,0,0,0,0
1449852298256,0,Heap Memory Used,,7.07026528E8,,,true,0,0,0,0
1449852298257,0,Heap Memory Max,,3.18636032E9,,,true,0,0,0,0
1449852298259,0,Heap Memory Committed,,3.18636032E9,,,true,0,0,0,0
1449852299264,0,Heap Memory Used,,7.0720392E8,,,true,0,0,0,0
1449852299265,0,Heap Memory Max,,3.18636032E9,,,true,0,0,0,0
1449852299265,0,Heap Memory Committed,,3.18636032E9,,,true,0,0,0,0
1449852300268,0,Heap Memory Used,,7.2065192E8,,,true,0,0,0,0
1449852300269,0,Heap Memory Max,,3.18636032E9,,,true,0,0,0,0
1449852300270,0,Heap Memory Committed,,3.18636032E9,,,true,0,0,0,0
1449852301276,0,Heap Memory Used,,7.63139584E8,,,true,0,0,0,0
1449852301277,0,Heap Memory Max,,3.18636032E9,,,true,0,0,0,0
1449852301278,0,Heap Memory Committed,,3.18636032E9,,,true,0,0,0,0
1449852302284,0,Heap Memory Used,,8.08399064E8,,,true,0,0,0,0
1449852302286,0,Heap Memory Max,,3.18636032E9,,,true,0,0,0,0
1449852302287,0,Heap Memory Committed,,3.18636032E9,,,true,0,0,0,0
1449852303292,0,Heap Memory Used,,8.10621936E8,,,true,0,0,0,0
1449852303294,0,Heap Memory Max,,3.18636032E9,,,true,0,0,0,0
1449852303295,0,Heap Memory Committed,,3.18636032E9,,,true,0,0,0,0
1449852304300,0,Heap Memory Used,,8.10807464E8,,,true,0,0,0,0
1449852304301,0,Heap Memory Max,,3.18636032E9,,,true,0,0,0,0
1449852304302,0,Heap Memory Committed,,3.18636032E9,,,true,0,0,0,0
1449852305308,0,Heap Memory Used,,8.11366984E8,,,true,0,0,0,0
1449852305309,0,Heap Memory Max,,3.18636032E9,,,true,0,0,0,0
1449852305310,0,Heap Memory Committed,,3.18636032E9,,,true,0,0,0,0
1449852306316,0,Heap Memory Used,,8.1164172E8,,,true,0,0,0,0
1449852306317,0,Heap Memory Max,,3.18636032E9,,,true,0,0,0,0
1449852306319,0,Heap Memory Committed,,3.18636032E9,,,true,0,0,0,0
1449852307325,0,Heap Memory Used,,8.35905616E8,,,true,0,0,0,0
1449852307327,0,Heap Memory Max,,3.18636032E9,,,true,0,0,0,0
1449852307328,0,Heap Memory Committed,,3.18636032E9,,,true,0,0,0,0
1449852308332,0,Heap Memory Used,,5.94966616E8,,,true,0,0,0,0
1449852308333,0,Heap Memory Max,,3.18636032E9,,,true,0,0,0,0
1449852308334,0,Heap Memory Committed,,3.18636032E9,,,true,0,0,0,0
1449852309340,0,Heap Memory Used,,6.09387048E8,,,true,0,0,0,0
1449852309341,0,Heap Memory Max,,3.18636032E9,,,true,0,0,0,0
1449852309343,0,Heap Memory Committed,,3.18636032E9,,,true,0,0,0,0
1449852310349,0,Heap Memory Used,,6.09703352E8,,,true,0,0,0,0
1449852310350,0,Heap Memory Max,,3.18636032E9,,,true,0,0,0,0
1449852310351,0,Heap Memory Committed,,3.18636032E9,,,true,0,0,0,0
1449852311357,0,Heap Memory Used,,6.28513744E8,,,true,0,0,0,0
1449852311358,0,Heap Memory Max,,3.18636032E9,,,true,0,0,0,0
1449852311359,0,Heap Memory Committed,,3.18636032E9,,,true,0,0,0,0
1449852312361,0,Heap Memory Used,,6.37153264E8,,,true,0,0,0,0
1449852312362,0,Heap Memory Max,,3.18636032E9,,,true,0,0,0,0
1449852312363,0,Heap Memory Committed,,3.18636032E9,,,true,0,0,0,0
1449852313369,0,Heap Memory Used,,6.39867976E8,,,true,0,0,0,0
1449852313372,0,Heap Memory Max,,3.18636032E9,,,true,0,0,0,0
1449852313373,0,Heap Memory Committed,,3.18636032E9,,,true,0,0,0,0
1449852314379,0,Heap Memory Used,,6.40047656E8,,,true,0,0,0,0
1449852314380,0,Heap Memory Max,,3.18636032E9,,,true,0,0,0,0
1449852314381,0,Heap Memory Committed,,3.18636032E9,,,true,0,0,0,0
1449852315384,0,Heap Memory Used,,7.48646312E8,,,true,0,0,0,0
1449852315386,0,Heap Memory Max,,3.18636032E9,,,true,0,0,0,0
1449852315386,0,Heap Memory Committed,,3.18636032E9,,,true,0,0,0,0
1449852316389,0,Heap Memory Used,,7.75330192E8,,,true,0,0,0,0
1449852316390,0,Heap Memory Max,,3.18636032E9,,,true,0,0,0,0
1449852316391,0,Heap Memory Committed,,3.18636032E9,,,true,0,0,0,0
1449852317396,0,Heap Memory Used,,7.75559952E8,,,true,0,0,0,0
1449852317398,0,Heap Memory Max,,3.18636032E9,,,true,0,0,0,0
1449852317399,0,Heap Memory Committed,,3.18636032E9,,,true,0,0,0,0
1449852318404,0,Heap Memory Used,,7.89668216E8,,,true,0,0,0,0
1449852318405,0,Heap Memory Max,,3.18636032E9,,,true,0,0,0,0
1449852318406,0,Heap Memory Committed,,3.18636032E9,,,true,0,0,0,0
1449852319414,0,Heap Memory Used,,6.20277704E8,,,true,0,0,0,0
1449852319416,0,Heap Memory Max,,3.18636032E9,,,true,0,0,0,0
1449852319417,0,Heap Memory Committed,,3.18636032E9,,,true,0,0,0,0
1449852320423,0,Heap Memory Used,,6.77866624E8,,,true,0,0,0,0
1449852320424,0,Heap Memory Max,,3.18636032E9,,,true,0,0,0,0
1449852320425,0,Heap Memory Committed,,3.18636032E9,,,true,0,0,0,0
1449852321431,0,Heap Memory Used,,6.83584408E8,,,true,0,0,0,0
1449852321433,0,Heap Memory Max,,3.18636032E9,,,true,0,0,0,0
1449852321433,0,Heap Memory Committed,,3.18636032E9,,,true,0,0,0,0
1449852322441,0,Heap Memory Used,,6.84392592E8,,,true,0,0,0,0
1449852322444,0,Heap Memory Max,,3.18636032E9,,,true,0,0,0,0
1449852322446,0,Heap Memory Committed,,3.18636032E9,,,true,0,0,0,0
1449852323452,0,Heap Memory Used,,6.90180728E8,,,true,0,0,0,0
1449852323453,0,Heap Memory Max,,3.18636032E9,,,true,0,0,0,0
1449852323454,0,Heap Memory Committed,,3.18636032E9,,,true,0,0,0,0
1449852324460,0,Heap Memory Used,,6.90362816E8,,,true,0,0,0,0
1449852324461,0,Heap Memory Max,,3.18636032E9,,,true,0,0,0,0
1449852324462,0,Heap Memory Committed,,3.18636032E9,,,true,0,0,0,0
1449852325467,0,Heap Memory Used,,7.14741048E8,,,true,0,0,0,0
1449852325467,0,Heap Memory Max,,3.18636032E9,,,true,0,0,0,0
1449852325468,0,Heap Memory Committed,,3.18636032E9,,,true,0,0,0,0
1449852326475,0,Heap Memory Used,,7.23122136E8,,,true,0,0,0,0
1449852326477,0,Heap Memory Max,,3.18636032E9,,,true,0,0,0,0
1449852326478,0,Heap Memory Committed,,3.18636032E9,,,true,0,0,0,0
1449852327482,0,Heap Memory Used,,7.2327112E8,,,true,0,0,0,0
1449852327484,0,Heap Memory Max,,3.18636032E9,,,true,0,0,0,0
1449852327485,0,Heap Memory Committed,,3.18636032E9,,,true,0,0,0,0
1449852328489,0,Heap Memory Used,,7.23631344E8,,,true,0,0,0,0
1449852328490,0,Heap Memory Max,,3.18636032E9,,,true,0,0,0,0
1449852328491,0,Heap Memory Committed,,3.18636032E9,,,true,0,0,0,0
1449852329497,0,Heap Memory Used,,7.2385088E8,,,true,0,0,0,0
1449852329499,0,Heap Memory Max,,3.18636032E9,,,true,0,0,0,0
1449852329500,0,Heap Memory Committed,,3.18636032E9,,,true,0,0,0,0
1449852330570,0,Heap Memory Used,,7.6424596E8,,,true,0,0,0,0
1449852330571,0,Heap Memory Max,,3.18636032E9,,,true,0,0,0,0
1449852330572,0,Heap Memory Committed,,3.18636032E9,,,true,0,0,0,0
1449852331578,0,Heap Memory Used,,7.86452208E8,,,true,0,0,0,0
1449852331579,0,Heap Memory Max,,3.18636032E9,,,true,0,0,0,0
1449852331579,0,Heap Memory Committed,,3.18636032E9,,,true,0,0,0,0
1449852332584,0,Heap Memory Used,,5.82797328E8,,,true,0,0,0,0
1449852332585,0,Heap Memory Max,,3.18636032E9,,,true,0,0,0,0
1449852332586,0,Heap Memory Committed,,3.18636032E9,,,true,0,0,0,0
1449852333592,0,Heap Memory Used,,6.00223872E8,,,true,0,0,0,0
1449852333594,0,Heap Memory Max,,3.18636032E9,,,true,0,0,0,0
1449852333595,0,Heap Memory Committed,,3.18636032E9,,,true,0,0,0,0
1449852334599,0,Heap Memory Used,,6.04169008E8,,,true,0,0,0,0
1449852334601,0,Heap Memory Max,,3.18636032E9,,,true,0,0,0,0
1449852334602,0,Heap Memory Committed,,3.18636032E9,,,true,0,0,0,0
1449852335608,0,Heap Memory Used,,6.0439208E8,,,true,0,0,0,0
1449852335610,0,Heap Memory Max,,3.18636032E9,,,true,0,0,0,0
1449852335610,0,Heap Memory Committed,,3.18636032E9,,,true,0,0,0,0
1449852336614,0,Heap Memory Used,,6.12232384E8,,,true,0,0,0,0
1449852336614,0,Heap Memory Max,,3.18636032E9,,,true,0,0,0,0
1449852336615,0,Heap Memory Committed,,3.18636032E9,,,true,0,0,0,0
1449852337622,0,Heap Memory Used,,6.12437128E8,,,true,0,0,0,0
1449852337623,0,Heap Memory Max,,3.18636032E9,,,true,0,0,0,0
1449852337624,0,Heap Memory Committed,,3.18636032E9,,,true,0,0,0,0
1449852338633,0,Heap Memory Used,,6.12744344E8,,,true,0,0,0,0
1449852338634,0,Heap Memory Max,,3.18636032E9,,,true,0,0,0,0
1449852338636,0,Heap Memory Committed,,3.18636032E9,,,true,0,0,0,0
1449852339642,0,Heap Memory Used,,6.13028616E8,,,true,0,0,0,0
1449852339643,0,Heap Memory Max,,3.18636032E9,,,true,0,0,0,0
1449852339644,0,Heap Memory Committed,,3.18636032E9,,,true,0,0,0,0
1449852340650,0,Heap Memory Used,,6.13531768E8,,,true,0,0,0,0
1449852340651,0,Heap Memory Max,,3.18636032E9,,,true,0,0,0,0
1449852340652,0,Heap Memory Committed,,3.18636032E9,,,true,0,0,0,0
1449852341657,0,Heap Memory Used,,6.20453672E8,,,true,0,0,0,0
1449852341658,0,Heap Memory Max,,3.18636032E9,,,true,0,0,0,0
1449852341661,0,Heap Memory Committed,,3.18636032E9,,,true,0,0,0,0
1449852342667,0,Heap Memory Used,,6.20705568E8,,,true,0,0,0,0
1449852342668,0,Heap Memory Max,,3.18636032E9,,,true,0,0,0,0
1449852342669,0,Heap Memory Committed,,3.18636032E9,,,true,0,0,0,0
1449852343674,0,Heap Memory Used,,6.20970824E8,,,true,0,0,0,0
1449852343676,0,Heap Memory Max,,3.18636032E9,,,true,0,0,0,0
1449852343677,0,Heap Memory Committed,,3.18636032E9,,,true,0,0,0,0
1449852344682,0,Heap Memory Used,,6.21205552E8,,,true,0,0,0,0
1449852344683,0,Heap Memory Max,,3.18636032E9,,,true,0,0,0,0
1449852344684,0,Heap Memory Committed,,3.18636032E9,,,true,0,0,0,0
1449852345691,0,Heap Memory Used,,6.54416704E8,,,true,0,0,0,0
1449852345692,0,Heap Memory Max,,3.18636032E9,,,true,0,0,0,0
1449852345693,0,Heap Memory Committed,,3.18636032E9,,,true,0,0,0,0
1449852346698,0,Heap Memory Used,,6.64252488E8,,,true,0,0,0,0
1449852346698,0,Heap Memory Max,,3.18636032E9,,,true,0,0,0,0
1449852346699,0,Heap Memory Committed,,3.18636032E9,,,true,0,0,0,0
1449852347705,0,Heap Memory Used,,6.64607024E8,,,true,0,0,0,0
1449852347706,0,Heap Memory Max,,3.18636032E9,,,true,0,0,0,0
1449852347707,0,Heap Memory Committed,,3.18636032E9,,,true,0,0,0,0
1449852348712,0,Heap Memory Used,,6.64861648E8,,,true,0,0,0,0
1449852348713,0,Heap Memory Max,,3.18636032E9,,,true,0,0,0,0
1449852348713,0,Heap Memory Committed,,3.18636032E9,,,true,0,0,0,0
1449852349716,0,Heap Memory Used,,6.65240304E8,,,true,0,0,0,0
1449852349718,0,Heap Memory Max,,3.18636032E9,,,true,0,0,0,0
1449852349719,0,Heap Memory Committed,,3.18636032E9,,,true,0,0,0,0
1449852350725,0,Heap Memory Used,,6.65484752E8,,,true,0,0,0,0
1449852350727,0,Heap Memory Max,,3.18636032E9,,,true,0,0,0,0
1449852350728,0,Heap Memory Committed,,3.18636032E9,,,true,0,0,0,0
1449852351733,0,Heap Memory Used,,6.69271136E8,,,true,0,0,0,0
1449852351734,0,Heap Memory Max,,3.18636032E9,,,true,0,0,0,0
1449852351735,0,Heap Memory Committed,,3.18636032E9,,,true,0,0,0,0
1449852352740,0,Heap Memory Used,,7.61166936E8,,,true,0,0,0,0
1449852352741,0,Heap Memory Max,,3.18636032E9,,,true,0,0,0,0
1449852352743,0,Heap Memory Committed,,3.18636032E9,,,true,0,0,0,0
1449852353748,0,Heap Memory Used,,5.98321448E8,,,true,0,0,0,0
1449852353749,0,Heap Memory Max,,3.18636032E9,,,true,0,0,0,0
1449852353750,0,Heap Memory Committed,,3.18636032E9,,,true,0,0,0,0
1449854203821,0,Heap Memory Used,,8.00515344E8,,,true,0,0,0,0
1449854203838,0,Heap Memory Max,,3.18636032E9,,,true,0,0,0,0
1449854203840,0,Heap Memory Committed,,3.18636032E9,,,true,0,0,0,0
1449854204848,0,Heap Memory Used,,8.4780976E8,,,true,0,0,0,0
1449854204850,0,Heap Memory Max,,3.18636032E9,,,true,0,0,0,0
1449854204851,0,Heap Memory Committed,,3.18636032E9,,,true,0,0,0,0
1449854205856,0,Heap Memory Used,,5.89154616E8,,,true,0,0,0,0
1449854205857,0,Heap Memory Max,,3.18636032E9,,,true,0,0,0,0
1449854205858,0,Heap Memory Committed,,3.18636032E9,,,true,0,0,0,0
1449854206865,0,Heap Memory Used,,5.89520928E8,,,true,0,0,0,0
1449854206867,0,Heap Memory Max,,3.18636032E9,,,true,0,0,0,0
1449854206869,0,Heap Memory Committed,,3.18636032E9,,,true,0,0,0,0
1449854207875,0,Heap Memory Used,,5.89756192E8,,,true,0,0,0,0
1449854207877,0,Heap Memory Max,,3.18636032E9,,,true,0,0,0,0
1449854207878,0,Heap Memory Committed,,3.18636032E9,,,true,0,0,0,0
1449854208884,0,Heap Memory Used,,5.90138784E8,,,true,0,0,0,0
1449854208885,0,Heap Memory Max,,3.18636032E9,,,true,0,0,0,0
1449854208887,0,Heap Memory Committed,,3.18636032E9,,,true,0,0,0,0
1449854209891,0,Heap Memory Used,,5.90438992E8,,,true,0,0,0,0
1449854209893,0,Heap Memory Max,,3.18636032E9,,,true,0,0,0,0
1449854209894,0,Heap Memory Committed,,3.18636032E9,,,true,0,0,0,0
1449854210900,0,Heap Memory Used,,5.9069848E8,,,true,0,0,0,0
1449854210902,0,Heap Memory Max,,3.18636032E9,,,true,0,0,0,0
1449854210904,0,Heap Memory Committed,,3.18636032E9,,,true,0,0,0,0
1449854211907,0,Heap Memory Used,,5.90893184E8,,,true,0,0,0,0
1449854211908,0,Heap Memory Max,,3.18636032E9,,,true,0,0,0,0
1449854211910,0,Heap Memory Committed,,3.18636032E9,,,true,0,0,0,0
1449854212917,0,Heap Memory Used,,5.91090904E8,,,true,0,0,0,0
1449854212918,0,Heap Memory Max,,3.18636032E9,,,true,0,0,0,0
1449854212920,0,Heap Memory Committed,,3.18636032E9,,,true,0,0,0,0
1449854213923,0,Heap Memory Used,,5.91319936E8,,,true,0,0,0,0
1449854213924,0,Heap Memory Max,,3.18636032E9,,,true,0,0,0,0
1449854213925,0,Heap Memory Committed,,3.18636032E9,,,true,0,0,0,0
1449854214931,0,Heap Memory Used,,5.91564056E8,,,true,0,0,0,0
1449854214933,0,Heap Memory Max,,3.18636032E9,,,true,0,0,0,0
1449854214934,0,Heap Memory Committed,,3.18636032E9,,,true,0,0,0,0
1449854215940,0,Heap Memory Used,,5.91773032E8,,,true,0,0,0,0
1449854215942,0,Heap Memory Max,,3.18636032E9,,,true,0,0,0,0
1449854215943,0,Heap Memory Committed,,3.18636032E9,,,true,0,0,0,0
1449854216949,0,Heap Memory Used,,5.91969232E8,,,true,0,0,0,0
1449854216950,0,Heap Memory Max,,3.18636032E9,,,true,0,0,0,0
1449854216952,0,Heap Memory Committed,,3.18636032E9,,,true,0,0,0,0
1449854217959,0,Heap Memory Used,,5.92258512E8,,,true,0,0,0,0
1449854217961,0,Heap Memory Max,,3.18636032E9,,,true,0,0,0,0
1449854217963,0,Heap Memory Committed,,3.18636032E9,,,true,0,0,0,0
1449854218970,0,Heap Memory Used,,5.9258244E8,,,true,0,0,0,0
1449854218971,0,Heap Memory Max,,3.18636032E9,,,true,0,0,0,0
1449854218972,0,Heap Memory Committed,,3.18636032E9,,,true,0,0,0,0
1449854219977,0,Heap Memory Used,,5.92743872E8,,,true,0,0,0,0
1449854219979,0,Heap Memory Max,,3.18636032E9,,,true,0,0,0,0
1449854219980,0,Heap Memory Committed,,3.18636032E9,,,true,0,0,0,0
1449854220986,0,Heap Memory Used,,6.33647096E8,,,true,0,0,0,0
1449854220988,0,Heap Memory Max,,3.18636032E9,,,true,0,0,0,0
1449854220989,0,Heap Memory Committed,,3.18636032E9,,,true,0,0,0,0
1449854221995,0,Heap Memory Used,,6.34114928E8,,,true,0,0,0,0
1449854221996,0,Heap Memory Max,,3.18636032E9,,,true,0,0,0,0
1449854221998,0,Heap Memory Committed,,3.18636032E9,,,true,0,0,0,0
1449854223004,0,Heap Memory Used,,6.34423664E8,,,true,0,0,0,0
1449854223005,0,Heap Memory Max,,3.18636032E9,,,true,0,0,0,0
1449854223007,0,Heap Memory Committed,,3.18636032E9,,,true,0,0,0,0
1449854224009,0,Heap Memory Used,,6.34700912E8,,,true,0,0,0,0
1449854224010,0,Heap Memory Max,,3.18636032E9,,,true,0,0,0,0
1449854224011,0,Heap Memory Committed,,3.18636032E9,,,true,0,0,0,0
1449854225017,0,Heap Memory Used,,6.35050832E8,,,true,0,0,0,0
1449854225018,0,Heap Memory Max,,3.18636032E9,,,true,0,0,0,0
1449854225020,0,Heap Memory Committed,,3.18636032E9,,,true,0,0,0,0
1449854226026,0,Heap Memory Used,,6.35258664E8,,,true,0,0,0,0
1449854226027,0,Heap Memory Max,,3.18636032E9,,,true,0,0,0,0
1449854226029,0,Heap Memory Committed,,3.18636032E9,,,true,0,0,0,0
1449854227035,0,Heap Memory Used,,6.35458072E8,,,true,0,0,0,0
1449854227037,0,Heap Memory Max,,3.18636032E9,,,true,0,0,0,0
1449854227038,0,Heap Memory Committed,,3.18636032E9,,,true,0,0,0,0
1449854228043,0,Heap Memory Used,,6.35749384E8,,,true,0,0,0,0
1449854228044,0,Heap Memory Max,,3.18636032E9,,,true,0,0,0,0
1449854228045,0,Heap Memory Committed,,3.18636032E9,,,true,0,0,0,0
1449854229050,0,Heap Memory Used,,6.35974592E8,,,true,0,0,0,0
1449854229051,0,Heap Memory Max,,3.18636032E9,,,true,0,0,0,0
1449854229052,0,Heap Memory Committed,,3.18636032E9,,,true,0,0,0,0
1449854230059,0,Heap Memory Used,,6.3618884E8,,,true,0,0,0,0
1449854230060,0,Heap Memory Max,,3.18636032E9,,,true,0,0,0,0
1449854230061,0,Heap Memory Committed,,3.18636032E9,,,true,0,0,0,0
1449854231067,0,Heap Memory Used,,6.36451032E8,,,true,0,0,0,0
1449854231068,0,Heap Memory Max,,3.18636032E9,,,true,0,0,0,0
1449854231070,0,Heap Memory Committed,,3.18636032E9,,,true,0,0,0,0
1449854232076,0,Heap Memory Used,,6.36654856E8,,,true,0,0,0,0
1449854232077,0,Heap Memory Max,,3.18636032E9,,,true,0,0,0,0
1449854232078,0,Heap Memory Committed,,3.18636032E9,,,true,0,0,0,0
1449854233084,0,Heap Memory Used,,6.36849992E8,,,true,0,0,0,0
1449854233085,0,Heap Memory Max,,3.18636032E9,,,true,0,0,0,0
1449854233086,0,Heap Memory Committed,,3.18636032E9,,,true,0,0,0,0
1449854234091,0,Heap Memory Used,,6.42808608E8,,,true,0,0,0,0
1449854234092,0,Heap Memory Max,,3.18636032E9,,,true,0,0,0,0
1449854234093,0,Heap Memory Committed,,3.18636032E9,,,true,0,0,0,0
1449854235099,0,Heap Memory Used,,6.58382488E8,,,true,0,0,0,0
1449854235100,0,Heap Memory Max,,3.18636032E9,,,true,0,0,0,0
1449854235101,0,Heap Memory Committed,,3.18636032E9,,,true,0,0,0,0
1449854236107,0,Heap Memory Used,,6.5869324E8,,,true,0,0,0,0
1449854236108,0,Heap Memory Max,,3.18636032E9,,,true,0,0,0,0
1449854236109,0,Heap Memory Committed,,3.18636032E9,,,true,0,0,0,0
1449854237112,0,Heap Memory Used,,7.17561128E8,,,true,0,0,0,0
1449854237114,0,Heap Memory Max,,3.18636032E9,,,true,0,0,0,0
1449854237114,0,Heap Memory Committed,,3.18636032E9,,,true,0,0,0,0
1449854238121,0,Heap Memory Used,,7.41779208E8,,,true,0,0,0,0
1449854238122,0,Heap Memory Max,,3.18636032E9,,,true,0,0,0,0
1449854238123,0,Heap Memory Committed,,3.18636032E9,,,true,0,0,0,0
1449854239129,0,Heap Memory Used,,7.41975024E8,,,true,0,0,0,0
1449854239130,0,Heap Memory Max,,3.18636032E9,,,true,0,0,0,0
1449854239132,0,Heap Memory Committed,,3.18636032E9,,,true,0,0,0,0
1449854240139,0,Heap Memory Used,,7.4217816E8,,,true,0,0,0,0
1449854240140,0,Heap Memory Max,,3.18636032E9,,,true,0,0,0,0
1449854240142,0,Heap Memory Committed,,3.18636032E9,,,true,0,0,0,0
1449854241148,0,Heap Memory Used,,7.42746392E8,,,true,0,0,0,0
1449854241149,0,Heap Memory Max,,3.18636032E9,,,true,0,0,0,0
1449854241150,0,Heap Memory Committed,,3.18636032E9,,,true,0,0,0,0
1449854242156,0,Heap Memory Used,,7.42907656E8,,,true,0,0,0,0
1449854242157,0,Heap Memory Max,,3.18636032E9,,,true,0,0,0,0
1449854242158,0,Heap Memory Committed,,3.18636032E9,,,true,0,0,0,0
1449854243163,0,Heap Memory Used,,7.43102392E8,,,true,0,0,0,0
1449854243164,0,Heap Memory Max,,3.18636032E9,,,true,0,0,0,0
1449854243165,0,Heap Memory Committed,,3.18636032E9,,,true,0,0,0,0
1449854244170,0,Heap Memory Used,,7.5039052E8,,,true,0,0,0,0
1449854244171,0,Heap Memory Max,,3.18636032E9,,,true,0,0,0,0
1449854244172,0,Heap Memory Committed,,3.18636032E9,,,true,0,0,0,0
1449854245178,0,Heap Memory Used,,8.01754312E8,,,true,0,0,0,0
1449854245179,0,Heap Memory Max,,3.18636032E9,,,true,0,0,0,0
1449854245180,0,Heap Memory Committed,,3.18636032E9,,,true,0,0,0,0
1449854246185,0,Heap Memory Used,,8.14753304E8,,,true,0,0,0,0
1449854246186,0,Heap Memory Max,,3.18636032E9,,,true,0,0,0,0
1449854246187,0,Heap Memory Committed,,3.18636032E9,,,true,0,0,0,0
1449854247193,0,Heap Memory Used,,8.1491508E8,,,true,0,0,0,0
1449854247195,0,Heap Memory Max,,3.18636032E9,,,true,0,0,0,0
1449854247196,0,Heap Memory Committed,,3.18636032E9,,,true,0,0,0,0
1449854248201,0,Heap Memory Used,,8.15239584E8,,,true,0,0,0,0
1449854248202,0,Heap Memory Max,,3.18636032E9,,,true,0,0,0,0
1449854248203,0,Heap Memory Committed,,3.18636032E9,,,true,0,0,0,0
1449854249209,0,Heap Memory Used,,8.35746504E8,,,true,0,0,0,0
1449854249210,0,Heap Memory Max,,3.18636032E9,,,true,0,0,0,0
1449854249211,0,Heap Memory Committed,,3.18636032E9,,,true,0,0,0,0
1449854250216,0,Heap Memory Used,,6.28611424E8,,,true,0,0,0,0
1449854250219,0,Heap Memory Max,,3.18636032E9,,,true,0,0,0,0
1449854250220,0,Heap Memory Committed,,3.18636032E9,,,true,0,0,0,0
1449854251225,0,Heap Memory Used,,5.81074E8,,,true,0,0,0,0
1449854251227,0,Heap Memory Max,,3.18636032E9,,,true,0,0,0,0
1449854251228,0,Heap Memory Committed,,3.18636032E9,,,true,0,0,0,0
1449854252235,0,Heap Memory Used,,5.81283E8,,,true,0,0,0,0
1449854252236,0,Heap Memory Max,,3.18636032E9,,,true,0,0,0,0
1449854252237,0,Heap Memory Committed,,3.18636032E9,,,true,0,0,0,0
1449854253243,0,Heap Memory Used,,6.06207304E8,,,true,0,0,0,0
1449854253243,0,Heap Memory Max,,3.18636032E9,,,true,0,0,0,0
1449854253244,0,Heap Memory Committed,,3.18636032E9,,,true,0,0,0,0
1449854254249,0,Heap Memory Used,,6.07448008E8,,,true,0,0,0,0
1449854254250,0,Heap Memory Max,,3.18636032E9,,,true,0,0,0,0
1449854254251,0,Heap Memory Committed,,3.18636032E9,,,true,0,0,0,0
1449854255257,0,Heap Memory Used,,6.07686464E8,,,true,0,0,0,0
1449854255259,0,Heap Memory Max,,3.18636032E9,,,true,0,0,0,0
1449854255260,0,Heap Memory Committed,,3.18636032E9,,,true,0,0,0,0
1449854256262,0,Heap Memory Used,,6.07840416E8,,,true,0,0,0,0
1449854256263,0,Heap Memory Max,,3.18636032E9,,,true,0,0,0,0
1449854256264,0,Heap Memory Committed,,3.18636032E9,,,true,0,0,0,0
1449854257270,0,Heap Memory Used,,6.40601672E8,,,true,0,0,0,0
1449854257271,0,Heap Memory Max,,3.18636032E9,,,true,0,0,0,0
1449854257272,0,Heap Memory Committed,,3.18636032E9,,,true,0,0,0,0
1449854258278,0,Heap Memory Used,,6.54870904E8,,,true,0,0,0,0
1449854258279,0,Heap Memory Max,,3.18636032E9,,,true,0,0,0,0
1449854258280,0,Heap Memory Committed,,3.18636032E9,,,true,0,0,0,0
1449854259286,0,Heap Memory Used,,6.62966136E8,,,true,0,0,0,0
1449854259287,0,Heap Memory Max,,3.18636032E9,,,true,0,0,0,0
1449854259288,0,Heap Memory Committed,,3.18636032E9,,,true,0,0,0,0
1449854260293,0,Heap Memory Used,,6.63495104E8,,,true,0,0,0,0
1449854260294,0,Heap Memory Max,,3.18636032E9,,,true,0,0,0,0
1449854260295,0,Heap Memory Committed,,3.18636032E9,,,true,0,0,0,0
1449854261300,0,Heap Memory Used,,6.63757656E8,,,true,0,0,0,0
1449854261302,0,Heap Memory Max,,3.18636032E9,,,true,0,0,0,0
1449854261303,0,Heap Memory Committed,,3.18636032E9,,,true,0,0,0,0
1449854262308,0,Heap Memory Used,,6.63952392E8,,,true,0,0,0,0
1449854262308,0,Heap Memory Max,,3.18636032E9,,,true,0,0,0,0
1449854262309,0,Heap Memory Committed,,3.18636032E9,,,true,0,0,0,0
1449854263315,0,Heap Memory Used,,6.64231888E8,,,true,0,0,0,0
1449854263315,0,Heap Memory Max,,3.18636032E9,,,true,0,0,0,0
1449854263316,0,Heap Memory Committed,,3.18636032E9,,,true,0,0,0,0
1449854264321,0,Heap Memory Used,,6.83978472E8,,,true,0,0,0,0
1449854264322,0,Heap Memory Max,,3.18636032E9,,,true,0,0,0,0
1449854264323,0,Heap Memory Committed,,3.18636032E9,,,true,0,0,0,0
1449854265327,0,Heap Memory Used,,7.39559032E8,,,true,0,0,0,0
1449854265328,0,Heap Memory Max,,3.18636032E9,,,true,0,0,0,0
1449854265329,0,Heap Memory Committed,,3.18636032E9,,,true,0,0,0,0
1449854266336,0,Heap Memory Used,,7.39722384E8,,,true,0,0,0,0
1449854266337,0,Heap Memory Max,,3.18636032E9,,,true,0,0,0,0
1449854266338,0,Heap Memory Committed,,3.18636032E9,,,true,0,0,0,0
1449854267343,0,Heap Memory Used,,7.40255328E8,,,true,0,0,0,0
1449854267344,0,Heap Memory Max,,3.18636032E9,,,true,0,0,0,0
1449854267345,0,Heap Memory Committed,,3.18636032E9,,,true,0,0,0,0
1449854268351,0,Heap Memory Used,,7.40639072E8,,,true,0,0,0,0
1449854268353,0,Heap Memory Max,,3.18636032E9,,,true,0,0,0,0
1449854268353,0,Heap Memory Committed,,3.18636032E9,,,true,0,0,0,0
1449854269361,0,Heap Memory Used,,7.58030552E8,,,true,0,0,0,0
1449854269361,0,Heap Memory Max,,3.18636032E9,,,true,0,0,0,0
1449854269363,0,Heap Memory Committed,,3.18636032E9,,,true,0,0,0,0
1449854270418,0,Heap Memory Used,,5.84882008E8,,,true,0,0,0,0
1449854270419,0,Heap Memory Max,,3.18636032E9,,,true,0,0,0,0
1449854270420,0,Heap Memory Committed,,3.18636032E9,,,true,0,0,0,0
1449854315636,0,Heap Memory Used,,5.9726232E8,,,true,0,0,0,0
1449854315656,0,Heap Memory Max,,3.18636032E9,,,true,0,0,0,0
1449854315658,0,Heap Memory Committed,,3.18636032E9,,,true,0,0,0,0
1449854316665,0,Heap Memory Used,,6.35903304E8,,,true,0,0,0,0
1449854316668,0,Heap Memory Max,,3.18636032E9,,,true,0,0,0,0
1449854316670,0,Heap Memory Committed,,3.18636032E9,,,true,0,0,0,0
1449854317677,0,Heap Memory Used,,6.36162936E8,,,true,0,0,0,0
1449854317679,0,Heap Memory Max,,3.18636032E9,,,true,0,0,0,0
1449854317681,0,Heap Memory Committed,,3.18636032E9,,,true,0,0,0,0
1449854318689,0,Heap Memory Used,,6.36448584E8,,,true,0,0,0,0
1449854318691,0,Heap Memory Max,,3.18636032E9,,,true,0,0,0,0
1449854318693,0,Heap Memory Committed,,3.18636032E9,,,true,0,0,0,0
1449854319700,0,Heap Memory Used,,6.36697352E8,,,true,0,0,0,0
1449854319702,0,Heap Memory Max,,3.18636032E9,,,true,0,0,0,0
1449854319703,0,Heap Memory Committed,,3.18636032E9,,,true,0,0,0,0
1449854320710,0,Heap Memory Used,,6.36951304E8,,,true,0,0,0,0
1449854320711,0,Heap Memory Max,,3.18636032E9,,,true,0,0,0,0
1449854320712,0,Heap Memory Committed,,3.18636032E9,,,true,0,0,0,0
1449854321717,0,Heap Memory Used,,6.37248256E8,,,true,0,0,0,0
1449854321719,0,Heap Memory Max,,3.18636032E9,,,true,0,0,0,0
1449854321720,0,Heap Memory Committed,,3.18636032E9,,,true,0,0,0,0
1449854322724,0,Heap Memory Used,,6.37521456E8,,,true,0,0,0,0
1449854322726,0,Heap Memory Max,,3.18636032E9,,,true,0,0,0,0
1449854322727,0,Heap Memory Committed,,3.18636032E9,,,true,0,0,0,0
1449854323734,0,Heap Memory Used,,6.3767964E8,,,true,0,0,0,0
1449854323736,0,Heap Memory Max,,3.18636032E9,,,true,0,0,0,0
1449854323737,0,Heap Memory Committed,,3.18636032E9,,,true,0,0,0,0
1449854324743,0,Heap Memory Used,,6.37825872E8,,,true,0,0,0,0
1449854324745,0,Heap Memory Max,,3.18636032E9,,,true,0,0,0,0
1449854324747,0,Heap Memory Committed,,3.18636032E9,,,true,0,0,0,0
1449854325754,0,Heap Memory Used,,6.7798324E8,,,true,0,0,0,0
1449854325756,0,Heap Memory Max,,3.18636032E9,,,true,0,0,0,0
1449854325757,0,Heap Memory Committed,,3.18636032E9,,,true,0,0,0,0
1449854326765,0,Heap Memory Used,,6.78262528E8,,,true,0,0,0,0
1449854326767,0,Heap Memory Max,,3.18636032E9,,,true,0,0,0,0
1449854326768,0,Heap Memory Committed,,3.18636032E9,,,true,0,0,0,0
1449854327775,0,Heap Memory Used,,6.78461816E8,,,true,0,0,0,0
1449854327776,0,Heap Memory Max,,3.18636032E9,,,true,0,0,0,0
1449854327777,0,Heap Memory Committed,,3.18636032E9,,,true,0,0,0,0
1449854328783,0,Heap Memory Used,,6.78737424E8,,,true,0,0,0,0
1449854328785,0,Heap Memory Max,,3.18636032E9,,,true,0,0,0,0
1449854328788,0,Heap Memory Committed,,3.18636032E9,,,true,0,0,0,0
1449854329792,0,Heap Memory Used,,6.78980512E8,,,true,0,0,0,0
1449854329794,0,Heap Memory Max,,3.18636032E9,,,true,0,0,0,0
1449854329795,0,Heap Memory Committed,,3.18636032E9,,,true,0,0,0,0
1449854330802,0,Heap Memory Used,,6.79202864E8,,,true,0,0,0,0
1449854330804,0,Heap Memory Max,,3.18636032E9,,,true,0,0,0,0
1449854330805,0,Heap Memory Committed,,3.18636032E9,,,true,0,0,0,0
1449854331812,0,Heap Memory Used,,6.7937892E8,,,true,0,0,0,0
1449854331814,0,Heap Memory Max,,3.18636032E9,,,true,0,0,0,0
1449854331815,0,Heap Memory Committed,,3.18636032E9,,,true,0,0,0,0
1449854332819,0,Heap Memory Used,,6.7959916E8,,,true,0,0,0,0
1449854332821,0,Heap Memory Max,,3.18636032E9,,,true,0,0,0,0
1449854332822,0,Heap Memory Committed,,3.18636032E9,,,true,0,0,0,0
1449854333829,0,Heap Memory Used,,6.79812504E8,,,true,0,0,0,0
1449854333830,0,Heap Memory Max,,3.18636032E9,,,true,0,0,0,0
1449854333832,0,Heap Memory Committed,,3.18636032E9,,,true,0,0,0,0
1449854334838,0,Heap Memory Used,,6.8007828E8,,,true,0,0,0,0
1449854334839,0,Heap Memory Max,,3.18636032E9,,,true,0,0,0,0
1449854334840,0,Heap Memory Committed,,3.18636032E9,,,true,0,0,0,0
1449854335847,0,Heap Memory Used,,6.80208928E8,,,true,0,0,0,0
1449854335849,0,Heap Memory Max,,3.18636032E9,,,true,0,0,0,0
1449854335850,0,Heap Memory Committed,,3.18636032E9,,,true,0,0,0,0
1449854336855,0,Heap Memory Used,,6.80416776E8,,,true,0,0,0,0
1449854336856,0,Heap Memory Max,,3.18636032E9,,,true,0,0,0,0
1449854336858,0,Heap Memory Committed,,3.18636032E9,,,true,0,0,0,0
1449854337865,0,Heap Memory Used,,6.80681696E8,,,true,0,0,0,0
1449854337866,0,Heap Memory Max,,3.18636032E9,,,true,0,0,0,0
1449854337867,0,Heap Memory Committed,,3.18636032E9,,,true,0,0,0,0
1449854338873,0,Heap Memory Used,,6.81046784E8,,,true,0,0,0,0
1449854338874,0,Heap Memory Max,,3.18636032E9,,,true,0,0,0,0
1449854338875,0,Heap Memory Committed,,3.18636032E9,,,true,0,0,0,0
1449854339881,0,Heap Memory Used,,6.8130636E8,,,true,0,0,0,0
1449854339883,0,Heap Memory Max,,3.18636032E9,,,true,0,0,0,0
1449854339884,0,Heap Memory Committed,,3.18636032E9,,,true,0,0,0,0
1449854340889,0,Heap Memory Used,,6.99251824E8,,,true,0,0,0,0
1449854340890,0,Heap Memory Max,,3.18636032E9,,,true,0,0,0,0
1449854340891,0,Heap Memory Committed,,3.18636032E9,,,true,0,0,0,0
1449854341896,0,Heap Memory Used,,6.99595256E8,,,true,0,0,0,0
1449854341898,0,Heap Memory Max,,3.18636032E9,,,true,0,0,0,0
1449854341899,0,Heap Memory Committed,,3.18636032E9,,,true,0,0,0,0
1449854342906,0,Heap Memory Used,,7.08098144E8,,,true,0,0,0,0
1449854342907,0,Heap Memory Max,,3.18636032E9,,,true,0,0,0,0
1449854342908,0,Heap Memory Committed,,3.18636032E9,,,true,0,0,0,0
1449854343914,0,Heap Memory Used,,7.08348592E8,,,true,0,0,0,0
1449854343916,0,Heap Memory Max,,3.18636032E9,,,true,0,0,0,0
1449854343917,0,Heap Memory Committed,,3.18636032E9,,,true,0,0,0,0
1449854344921,0,Heap Memory Used,,7.0865172E8,,,true,0,0,0,0
1449854344923,0,Heap Memory Max,,3.18636032E9,,,true,0,0,0,0
1449854344924,0,Heap Memory Committed,,3.18636032E9,,,true,0,0,0,0
1449854345930,0,Heap Memory Used,,7.15246448E8,,,true,0,0,0,0
1449854345931,0,Heap Memory Max,,3.18636032E9,,,true,0,0,0,0
1449854345932,0,Heap Memory Committed,,3.18636032E9,,,true,0,0,0,0
1449854346938,0,Heap Memory Used,,7.15510176E8,,,true,0,0,0,0
1449854346939,0,Heap Memory Max,,3.18636032E9,,,true,0,0,0,0
1449854346941,0,Heap Memory Committed,,3.18636032E9,,,true,0,0,0,0
1449854347947,0,Heap Memory Used,,7.16287496E8,,,true,0,0,0,0
1449854347949,0,Heap Memory Max,,3.18636032E9,,,true,0,0,0,0
1449854347950,0,Heap Memory Committed,,3.18636032E9,,,true,0,0,0,0
1449854348956,0,Heap Memory Used,,7.16453472E8,,,true,0,0,0,0
1449854348958,0,Heap Memory Max,,3.18636032E9,,,true,0,0,0,0
1449854348959,0,Heap Memory Committed,,3.18636032E9,,,true,0,0,0,0
1449854349964,0,Heap Memory Used,,7.16640032E8,,,true,0,0,0,0
1449854349965,0,Heap Memory Max,,3.18636032E9,,,true,0,0,0,0
1449854349966,0,Heap Memory Committed,,3.18636032E9,,,true,0,0,0,0
1449854350972,0,Heap Memory Used,,7.17374016E8,,,true,0,0,0,0
1449854350974,0,Heap Memory Max,,3.18636032E9,,,true,0,0,0,0
1449854350975,0,Heap Memory Committed,,3.18636032E9,,,true,0,0,0,0
1449854351982,0,Heap Memory Used,,7.17647816E8,,,true,0,0,0,0
1449854351983,0,Heap Memory Max,,3.18636032E9,,,true,0,0,0,0
1449854351984,0,Heap Memory Committed,,3.18636032E9,,,true,0,0,0,0
1449854352989,0,Heap Memory Used,,7.178952E8,,,true,0,0,0,0
1449854352991,0,Heap Memory Max,,3.18636032E9,,,true,0,0,0,0
1449854352993,0,Heap Memory Committed,,3.18636032E9,,,true,0,0,0,0
1449854353997,0,Heap Memory Used,,7.76010392E8,,,true,0,0,0,0
1449854353998,0,Heap Memory Max,,3.18636032E9,,,true,0,0,0,0
1449854354000,0,Heap Memory Committed,,3.18636032E9,,,true,0,0,0,0
1449854355009,0,Heap Memory Used,,7.99035264E8,,,true,0,0,0,0
1449854355019,0,Heap Memory Max,,3.18636032E9,,,true,0,0,0,0
1449854355021,0,Heap Memory Committed,,3.18636032E9,,,true,0,0,0,0
1449854356028,0,Heap Memory Used,,8.21302928E8,,,true,0,0,0,0
1449854356030,0,Heap Memory Max,,3.18636032E9,,,true,0,0,0,0
1449854356031,0,Heap Memory Committed,,3.18636032E9,,,true,0,0,0,0
1449854357037,0,Heap Memory Used,,8.21486616E8,,,true,0,0,0,0
1449854357038,0,Heap Memory Max,,3.18636032E9,,,true,0,0,0,0
1449854357039,0,Heap Memory Committed,,3.18636032E9,,,true,0,0,0,0
1449854358046,0,Heap Memory Used,,8.22053128E8,,,true,0,0,0,0
1449854358047,0,Heap Memory Max,,3.18636032E9,,,true,0,0,0,0
1449854358048,0,Heap Memory Committed,,3.18636032E9,,,true,0,0,0,0
1449854359056,0,Heap Memory Used,,8.22246976E8,,,true,0,0,0,0
1449854359057,0,Heap Memory Max,,3.18636032E9,,,true,0,0,0,0
1449854359058,0,Heap Memory Committed,,3.18636032E9,,,true,0,0,0,0
1449854360065,0,Heap Memory Used,,8.2242632E8,,,true,0,0,0,0
1449854360066,0,Heap Memory Max,,3.18636032E9,,,true,0,0,0,0
1449854360067,0,Heap Memory Committed,,3.18636032E9,,,true,0,0,0,0
1449854361074,0,Heap Memory Used,,6.02252616E8,,,true,0,0,0,0
1449854361075,0,Heap Memory Max,,3.18636032E9,,,true,0,0,0,0
1449854361076,0,Heap Memory Committed,,3.18636032E9,,,true,0,0,0,0
1449854362082,0,Heap Memory Used,,6.14035424E8,,,true,0,0,0,0
1449854362083,0,Heap Memory Max,,3.18636032E9,,,true,0,0,0,0
1449854362084,0,Heap Memory Committed,,3.18636032E9,,,true,0,0,0,0
1449854363090,0,Heap Memory Used,,6.14208128E8,,,true,0,0,0,0
1449854363091,0,Heap Memory Max,,3.18636032E9,,,true,0,0,0,0
1449854363092,0,Heap Memory Committed,,3.18636032E9,,,true,0,0,0,0
1449854364098,0,Heap Memory Used,,6.14467448E8,,,true,0,0,0,0
1449854364099,0,Heap Memory Max,,3.18636032E9,,,true,0,0,0,0
1449854364100,0,Heap Memory Committed,,3.18636032E9,,,true,0,0,0,0
1449854365106,0,Heap Memory Used,,6.34738888E8,,,true,0,0,0,0
1449854365106,0,Heap Memory Max,,3.18636032E9,,,true,0,0,0,0
1449854365107,0,Heap Memory Committed,,3.18636032E9,,,true,0,0,0,0
1449854366112,0,Heap Memory Used,,6.43602648E8,,,true,0,0,0,0
1449854366114,0,Heap Memory Max,,3.18636032E9,,,true,0,0,0,0
1449854366115,0,Heap Memory Committed,,3.18636032E9,,,true,0,0,0,0
1449854367121,0,Heap Memory Used,,6.43726568E8,,,true,0,0,0,0
1449854367123,0,Heap Memory Max,,3.18636032E9,,,true,0,0,0,0
1449854367124,0,Heap Memory Committed,,3.18636032E9,,,true,0,0,0,0
1449854368129,0,Heap Memory Used,,6.44075952E8,,,true,0,0,0,0
1449854368131,0,Heap Memory Max,,3.18636032E9,,,true,0,0,0,0
1449854368132,0,Heap Memory Committed,,3.18636032E9,,,true,0,0,0,0
1449854369136,0,Heap Memory Used,,6.68837E8,,,true,0,0,0,0
1449854369137,0,Heap Memory Max,,3.18636032E9,,,true,0,0,0,0
1449854369138,0,Heap Memory Committed,,3.18636032E9,,,true,0,0,0,0
1449854370144,0,Heap Memory Used,,7.02231736E8,,,true,0,0,0,0
1449854370145,0,Heap Memory Max,,3.18636032E9,,,true,0,0,0,0
1449854370146,0,Heap Memory Committed,,3.18636032E9,,,true,0,0,0,0
1449854371153,0,Heap Memory Used,,6.55219952E8,,,true,0,0,0,0
1449854371155,0,Heap Memory Max,,3.18636032E9,,,true,0,0,0,0
1449854371156,0,Heap Memory Committed,,3.18636032E9,,,true,0,0,0,0
1449854372162,0,Heap Memory Used,,6.88800768E8,,,true,0,0,0,0
1449854372163,0,Heap Memory Max,,3.18636032E9,,,true,0,0,0,0
1449854372164,0,Heap Memory Committed,,3.18636032E9,,,true,0,0,0,0
1449854373168,0,Heap Memory Used,,7.02211832E8,,,true,0,0,0,0
1449854373169,0,Heap Memory Max,,3.18636032E9,,,true,0,0,0,0
1449854373170,0,Heap Memory Committed,,3.18636032E9,,,true,0,0,0,0
1449854374177,0,Heap Memory Used,,7.09803008E8,,,true,0,0,0,0
1449854374178,0,Heap Memory Max,,3.18636032E9,,,true,0,0,0,0
1449854374180,0,Heap Memory Committed,,3.18636032E9,,,true,0,0,0,0
1449854375185,0,Heap Memory Used,,7.10040152E8,,,true,0,0,0,0
1449854375187,0,Heap Memory Max,,3.18636032E9,,,true,0,0,0,0
1449854375187,0,Heap Memory Committed,,3.18636032E9,,,true,0,0,0,0
1449854376193,0,Heap Memory Used,,7.28818752E8,,,true,0,0,0,0
1449854376195,0,Heap Memory Max,,3.18636032E9,,,true,0,0,0,0
1449854376196,0,Heap Memory Committed,,3.18636032E9,,,true,0,0,0,0
1449854377202,0,Heap Memory Used,,7.37103208E8,,,true,0,0,0,0
1449854377203,0,Heap Memory Max,,3.18636032E9,,,true,0,0,0,0
1449854377204,0,Heap Memory Committed,,3.18636032E9,,,true,0,0,0,0
1449854378209,0,Heap Memory Used,,7.3753784E8,,,true,0,0,0,0
1449854378210,0,Heap Memory Max,,3.18636032E9,,,true,0,0,0,0
1449854378211,0,Heap Memory Committed,,3.18636032E9,,,true,0,0,0,0
1449854379217,0,Heap Memory Used,,7.37945896E8,,,true,0,0,0,0
1449854379218,0,Heap Memory Max,,3.18636032E9,,,true,0,0,0,0
1449854379219,0,Heap Memory Committed,,3.18636032E9,,,true,0,0,0,0
1449854380225,0,Heap Memory Used,,7.3843788E8,,,true,0,0,0,0
1449854380226,0,Heap Memory Max,,3.18636032E9,,,true,0,0,0,0
1449854380227,0,Heap Memory Committed,,3.18636032E9,,,true,0,0,0,0
1449854381232,0,Heap Memory Used,,7.38738264E8,,,true,0,0,0,0
1449854381233,0,Heap Memory Max,,3.18636032E9,,,true,0,0,0,0
1449854381234,0,Heap Memory Committed,,3.18636032E9,,,true,0,0,0,0
1449854382238,0,Heap Memory Used,,7.42069656E8,,,true,0,0,0,0
1449854382239,0,Heap Memory Max,,3.18636032E9,,,true,0,0,0,0
1449854382240,0,Heap Memory Committed,,3.18636032E9,,,true,0,0,0,0
1449854383247,0,Heap Memory Used,,8.16782632E8,,,true,0,0,0,0
1449854383248,0,Heap Memory Max,,3.18636032E9,,,true,0,0,0,0
1449854383249,0,Heap Memory Committed,,3.18636032E9,,,true,0,0,0,0
1449854765052,0,Heap Memory Used,,7.33629984E8,,,true,0,0,0,0
1449854765069,0,Heap Memory Max,,3.18636032E9,,,true,0,0,0,0
1449854765072,0,Heap Memory Committed,,3.18636032E9,,,true,0,0,0,0
1449854766079,0,Heap Memory Used,,7.8129672E8,,,true,0,0,0,0
1449854766081,0,Heap Memory Max,,3.18636032E9,,,true,0,0,0,0
1449854766082,0,Heap Memory Committed,,3.18636032E9,,,true,0,0,0,0
1449854767088,0,Heap Memory Used,,7.8160136E8,,,true,0,0,0,0
1449854767091,0,Heap Memory Max,,3.18636032E9,,,true,0,0,0,0
1449854767092,0,Heap Memory Committed,,3.18636032E9,,,true,0,0,0,0
1449854768099,0,Heap Memory Used,,7.81797232E8,,,true,0,0,0,0
1449854768101,0,Heap Memory Max,,3.18636032E9,,,true,0,0,0,0
1449854768103,0,Heap Memory Committed,,3.18636032E9,,,true,0,0,0,0
1449854769110,0,Heap Memory Used,,7.82045232E8,,,true,0,0,0,0
1449854769112,0,Heap Memory Max,,3.18636032E9,,,true,0,0,0,0
1449854769113,0,Heap Memory Committed,,3.18636032E9,,,true,0,0,0,0
1449854770120,0,Heap Memory Used,,7.82368336E8,,,true,0,0,0,0
1449854770122,0,Heap Memory Max,,3.18636032E9,,,true,0,0,0,0
1449854770123,0,Heap Memory Committed,,3.18636032E9,,,true,0,0,0,0
1449854771130,0,Heap Memory Used,,7.82744896E8,,,true,0,0,0,0
1449854771131,0,Heap Memory Max,,3.18636032E9,,,true,0,0,0,0
1449854771133,0,Heap Memory Committed,,3.18636032E9,,,true,0,0,0,0
1449854772140,0,Heap Memory Used,,7.82870344E8,,,true,0,0,0,0
1449854772142,0,Heap Memory Max,,3.18636032E9,,,true,0,0,0,0
1449854772144,0,Heap Memory Committed,,3.18636032E9,,,true,0,0,0,0
1449854773149,0,Heap Memory Used,,7.83175008E8,,,true,0,0,0,0
1449854773151,0,Heap Memory Max,,3.18636032E9,,,true,0,0,0,0
1449854773152,0,Heap Memory Committed,,3.18636032E9,,,true,0,0,0,0
1449854774158,0,Heap Memory Used,,7.83323568E8,,,true,0,0,0,0
1449854774160,0,Heap Memory Max,,3.18636032E9,,,true,0,0,0,0
1449854774162,0,Heap Memory Committed,,3.18636032E9,,,true,0,0,0,0
1449854775165,0,Heap Memory Used,,8.11727568E8,,,true,0,0,0,0
1449854775167,0,Heap Memory Max,,3.18636032E9,,,true,0,0,0,0
1449854775168,0,Heap Memory Committed,,3.18636032E9,,,true,0,0,0,0
1449854776174,0,Heap Memory Used,,8.2477728E8,,,true,0,0,0,0
1449854776175,0,Heap Memory Max,,3.18636032E9,,,true,0,0,0,0
1449854776176,0,Heap Memory Committed,,3.18636032E9,,,true,0,0,0,0
1449854777182,0,Heap Memory Used,,8.24892776E8,,,true,0,0,0,0
1449854777183,0,Heap Memory Max,,3.18636032E9,,,true,0,0,0,0
1449854777184,0,Heap Memory Committed,,3.18636032E9,,,true,0,0,0,0
1449854778190,0,Heap Memory Used,,8.25346424E8,,,true,0,0,0,0
1449854778191,0,Heap Memory Max,,3.18636032E9,,,true,0,0,0,0
1449854778192,0,Heap Memory Committed,,3.18636032E9,,,true,0,0,0,0
1449854779198,0,Heap Memory Used,,8.25473944E8,,,true,0,0,0,0
1449854779199,0,Heap Memory Max,,3.18636032E9,,,true,0,0,0,0
1449854779200,0,Heap Memory Committed,,3.18636032E9,,,true,0,0,0,0
1449854780207,0,Heap Memory Used,,8.25825544E8,,,true,0,0,0,0
1449854780208,0,Heap Memory Max,,3.18636032E9,,,true,0,0,0,0
1449854780210,0,Heap Memory Committed,,3.18636032E9,,,true,0,0,0,0
1449854781214,0,Heap Memory Used,,8.26096896E8,,,true,0,0,0,0
1449854781216,0,Heap Memory Max,,3.18636032E9,,,true,0,0,0,0
1449854781217,0,Heap Memory Committed,,3.18636032E9,,,true,0,0,0,0
1449854782223,0,Heap Memory Used,,8.26218024E8,,,true,0,0,0,0
1449854782224,0,Heap Memory Max,,3.18636032E9,,,true,0,0,0,0
1449854782225,0,Heap Memory Committed,,3.18636032E9,,,true,0,0,0,0
1449854783229,0,Heap Memory Used,,8.26427152E8,,,true,0,0,0,0
1449854783230,0,Heap Memory Max,,3.18636032E9,,,true,0,0,0,0
1449854783232,0,Heap Memory Committed,,3.18636032E9,,,true,0,0,0,0
1449854784238,0,Heap Memory Used,,8.2666552E8,,,true,0,0,0,0
1449854784240,0,Heap Memory Max,,3.18636032E9,,,true,0,0,0,0
1449854784241,0,Heap Memory Committed,,3.18636032E9,,,true,0,0,0,0
1449854785247,0,Heap Memory Used,,8.26895544E8,,,true,0,0,0,0
1449854785248,0,Heap Memory Max,,3.18636032E9,,,true,0,0,0,0
1449854785252,0,Heap Memory Committed,,3.18636032E9,,,true,0,0,0,0
1449854786257,0,Heap Memory Used,,8.2714768E8,,,true,0,0,0,0
1449854786259,0,Heap Memory Max,,3.18636032E9,,,true,0,0,0,0
1449854786260,0,Heap Memory Committed,,3.18636032E9,,,true,0,0,0,0
1449854787265,0,Heap Memory Used,,8.27353408E8,,,true,0,0,0,0
1449854787266,0,Heap Memory Max,,3.18636032E9,,,true,0,0,0,0
1449854787267,0,Heap Memory Committed,,3.18636032E9,,,true,0,0,0,0
1449854788273,0,Heap Memory Used,,8.27662112E8,,,true,0,0,0,0
1449854788274,0,Heap Memory Max,,3.18636032E9,,,true,0,0,0,0
1449854788275,0,Heap Memory Committed,,3.18636032E9,,,true,0,0,0,0
1449854789280,0,Heap Memory Used,,8.27889112E8,,,true,0,0,0,0
1449854789281,0,Heap Memory Max,,3.18636032E9,,,true,0,0,0,0
1449854789283,0,Heap Memory Committed,,3.18636032E9,,,true,0,0,0,0
1449854790289,0,Heap Memory Used,,8.44966312E8,,,true,0,0,0,0
1449854790291,0,Heap Memory Max,,3.18636032E9,,,true,0,0,0,0
1449854790292,0,Heap Memory Committed,,3.18636032E9,,,true,0,0,0,0
1449854791296,0,Heap Memory Used,,8.45235896E8,,,true,0,0,0,0
1449854791297,0,Heap Memory Max,,3.18636032E9,,,true,0,0,0,0
1449854791299,0,Heap Memory Committed,,3.18636032E9,,,true,0,0,0,0
1449854792304,0,Heap Memory Used,,8.45445128E8,,,true,0,0,0,0
1449854792305,0,Heap Memory Max,,3.18636032E9,,,true,0,0,0,0
1449854792306,0,Heap Memory Committed,,3.18636032E9,,,true,0,0,0,0
1449854793311,0,Heap Memory Used,,8.4562552E8,,,true,0,0,0,0
1449854793313,0,Heap Memory Max,,3.18636032E9,,,true,0,0,0,0
1449854793314,0,Heap Memory Committed,,3.18636032E9,,,true,0,0,0,0
1449854794319,0,Heap Memory Used,,8.51405576E8,,,true,0,0,0,0
1449854794320,0,Heap Memory Max,,3.18636032E9,,,true,0,0,0,0
1449854794322,0,Heap Memory Committed,,3.18636032E9,,,true,0,0,0,0
1449854795325,0,Heap Memory Used,,6.36756352E8,,,true,0,0,0,0
1449854795327,0,Heap Memory Max,,3.18636032E9,,,true,0,0,0,0
1449854795328,0,Heap Memory Committed,,3.18636032E9,,,true,0,0,0,0
1449854796333,0,Heap Memory Used,,6.597934E8,,,true,0,0,0,0
1449854796334,0,Heap Memory Max,,3.18636032E9,,,true,0,0,0,0
1449854796336,0,Heap Memory Committed,,3.18636032E9,,,true,0,0,0,0
1449854797341,0,Heap Memory Used,,6.60046784E8,,,true,0,0,0,0
1449854797342,0,Heap Memory Max,,3.18636032E9,,,true,0,0,0,0
1449854797343,0,Heap Memory Committed,,3.18636032E9,,,true,0,0,0,0
1449854798349,0,Heap Memory Used,,6.60297224E8,,,true,0,0,0,0
1449854798350,0,Heap Memory Max,,3.18636032E9,,,true,0,0,0,0
1449854798352,0,Heap Memory Committed,,3.18636032E9,,,true,0,0,0,0
1449854799358,0,Heap Memory Used,,6.6058972E8,,,true,0,0,0,0
1449854799359,0,Heap Memory Max,,3.18636032E9,,,true,0,0,0,0
1449854799360,0,Heap Memory Committed,,3.18636032E9,,,true,0,0,0,0
1449854800366,0,Heap Memory Used,,6.6126404E8,,,true,0,0,0,0
1449854800367,0,Heap Memory Max,,3.18636032E9,,,true,0,0,0,0
1449854800368,0,Heap Memory Committed,,3.18636032E9,,,true,0,0,0,0
1449854801373,0,Heap Memory Used,,6.6149524E8,,,true,0,0,0,0
1449854801374,0,Heap Memory Max,,3.18636032E9,,,true,0,0,0,0
1449854801375,0,Heap Memory Committed,,3.18636032E9,,,true,0,0,0,0
1449854802381,0,Heap Memory Used,,6.617584E8,,,true,0,0,0,0
1449854802383,0,Heap Memory Max,,3.18636032E9,,,true,0,0,0,0
1449854802384,0,Heap Memory Committed,,3.18636032E9,,,true,0,0,0,0
1449854803390,0,Heap Memory Used,,6.61992384E8,,,true,0,0,0,0
1449854803392,0,Heap Memory Max,,3.18636032E9,,,true,0,0,0,0
1449854803393,0,Heap Memory Committed,,3.18636032E9,,,true,0,0,0,0
1449854804398,0,Heap Memory Used,,7.19476728E8,,,true,0,0,0,0
1449854804399,0,Heap Memory Max,,3.18636032E9,,,true,0,0,0,0
1449854804400,0,Heap Memory Committed,,3.18636032E9,,,true,0,0,0,0
1449854805404,0,Heap Memory Used,,7.85720304E8,,,true,0,0,0,0
1449854805405,0,Heap Memory Max,,3.18636032E9,,,true,0,0,0,0
1449854805406,0,Heap Memory Committed,,3.18636032E9,,,true,0,0,0,0
1449854806412,0,Heap Memory Used,,7.85962264E8,,,true,0,0,0,0
1449854806413,0,Heap Memory Max,,3.18636032E9,,,true,0,0,0,0
1449854806414,0,Heap Memory Committed,,3.18636032E9,,,true,0,0,0,0
1449854807422,0,Heap Memory Used,,8.01461792E8,,,true,0,0,0,0
1449854807424,0,Heap Memory Max,,3.18636032E9,,,true,0,0,0,0
1449854807426,0,Heap Memory Committed,,3.18636032E9,,,true,0,0,0,0
1449854808432,0,Heap Memory Used,,8.12272328E8,,,true,0,0,0,0
1449854808433,0,Heap Memory Max,,3.18636032E9,,,true,0,0,0,0
1449854808434,0,Heap Memory Committed,,3.18636032E9,,,true,0,0,0,0
1449854809440,0,Heap Memory Used,,8.15324016E8,,,true,0,0,0,0
1449854809441,0,Heap Memory Max,,3.18636032E9,,,true,0,0,0,0
1449854809442,0,Heap Memory Committed,,3.18636032E9,,,true,0,0,0,0
1449854810446,0,Heap Memory Used,,8.15537888E8,,,true,0,0,0,0
1449854810447,0,Heap Memory Max,,3.18636032E9,,,true,0,0,0,0
1449854810448,0,Heap Memory Committed,,3.18636032E9,,,true,0,0,0,0
1449854811454,0,Heap Memory Used,,8.15792704E8,,,true,0,0,0,0
1449854811455,0,Heap Memory Max,,3.18636032E9,,,true,0,0,0,0
1449854811456,0,Heap Memory Committed,,3.18636032E9,,,true,0,0,0,0
1449854812458,0,Heap Memory Used,,8.27127792E8,,,true,0,0,0,0
1449854812459,0,Heap Memory Max,,3.18636032E9,,,true,0,0,0,0
1449854812460,0,Heap Memory Committed,,3.18636032E9,,,true,0,0,0,0
1449854813466,0,Heap Memory Used,,8.42023688E8,,,true,0,0,0,0
1449854813467,0,Heap Memory Max,,3.18636032E9,,,true,0,0,0,0
1449854813468,0,Heap Memory Committed,,3.18636032E9,,,true,0,0,0,0
1449854814474,0,Heap Memory Used,,8.42212584E8,,,true,0,0,0,0
1449854814475,0,Heap Memory Max,,3.18636032E9,,,true,0,0,0,0
1449854814475,0,Heap Memory Committed,,3.18636032E9,,,true,0,0,0,0
1449854815482,0,Heap Memory Used,,8.4251868E8,,,true,0,0,0,0
1449854815483,0,Heap Memory Max,,3.18636032E9,,,true,0,0,0,0
1449854815484,0,Heap Memory Committed,,3.18636032E9,,,true,0,0,0,0
1449854816489,0,Heap Memory Used,,8.42664904E8,,,true,0,0,0,0
1449854816490,0,Heap Memory Max,,3.18636032E9,,,true,0,0,0,0
1449854816491,0,Heap Memory Committed,,3.18636032E9,,,true,0,0,0,0
1449854817500,0,Heap Memory Used,,5.97174184E8,,,true,0,0,0,0
1449854817501,0,Heap Memory Max,,3.18636032E9,,,true,0,0,0,0
1449854817502,0,Heap Memory Committed,,3.18636032E9,,,true,0,0,0,0
1449854818508,0,Heap Memory Used,,6.11169768E8,,,true,0,0,0,0
1449854818510,0,Heap Memory Max,,3.18636032E9,,,true,0,0,0,0
1449854818512,0,Heap Memory Committed,,3.18636032E9,,,true,0,0,0,0
1449854819517,0,Heap Memory Used,,6.17724232E8,,,true,0,0,0,0
1449854819518,0,Heap Memory Max,,3.18636032E9,,,true,0,0,0,0
1449854819519,0,Heap Memory Committed,,3.18636032E9,,,true,0,0,0,0
1449854820523,0,Heap Memory Used,,6.6592688E8,,,true,0,0,0,0
1449854820525,0,Heap Memory Max,,3.18636032E9,,,true,0,0,0,0
1449854820525,0,Heap Memory Committed,,3.18636032E9,,,true,0,0,0,0
1449854821531,0,Heap Memory Used,,6.6688492E8,,,true,0,0,0,0
1449854821532,0,Heap Memory Max,,3.18636032E9,,,true,0,0,0,0
1449854821533,0,Heap Memory Committed,,3.18636032E9,,,true,0,0,0,0
1449854822539,0,Heap Memory Used,,6.67161376E8,,,true,0,0,0,0
1449854822540,0,Heap Memory Max,,3.18636032E9,,,true,0,0,0,0
1449854822541,0,Heap Memory Committed,,3.18636032E9,,,true,0,0,0,0
1449854823547,0,Heap Memory Used,,6.68700128E8,,,true,0,0,0,0
1449854823548,0,Heap Memory Max,,3.18636032E9,,,true,0,0,0,0
1449854823549,0,Heap Memory Committed,,3.18636032E9,,,true,0,0,0,0
1449854824552,0,Heap Memory Used,,6.68951624E8,,,true,0,0,0,0
1449854824553,0,Heap Memory Max,,3.18636032E9,,,true,0,0,0,0
1449854824554,0,Heap Memory Committed,,3.18636032E9,,,true,0,0,0,0
1449854825559,0,Heap Memory Used,,6.69244472E8,,,true,0,0,0,0
1449854825560,0,Heap Memory Max,,3.18636032E9,,,true,0,0,0,0
1449854825561,0,Heap Memory Committed,,3.18636032E9,,,true,0,0,0,0
1449854826567,0,Heap Memory Used,,6.88005696E8,,,true,0,0,0,0
1449854826568,0,Heap Memory Max,,3.18636032E9,,,true,0,0,0,0
1449854826569,0,Heap Memory Committed,,3.18636032E9,,,true,0,0,0,0
1449854827576,0,Heap Memory Used,,6.96624344E8,,,true,0,0,0,0
1449854827577,0,Heap Memory Max,,3.18636032E9,,,true,0,0,0,0
1449854827578,0,Heap Memory Committed,,3.18636032E9,,,true,0,0,0,0
1449854828584,0,Heap Memory Used,,6.9690508E8,,,true,0,0,0,0
1449854828585,0,Heap Memory Max,,3.18636032E9,,,true,0,0,0,0
1449854828586,0,Heap Memory Committed,,3.18636032E9,,,true,0,0,0,0
1449854829591,0,Heap Memory Used,,6.97188008E8,,,true,0,0,0,0
1449854829593,0,Heap Memory Max,,3.18636032E9,,,true,0,0,0,0
1449854829593,0,Heap Memory Committed,,3.18636032E9,,,true,0,0,0,0
1449854830599,0,Heap Memory Used,,6.97393864E8,,,true,0,0,0,0
1449854830600,0,Heap Memory Max,,3.18636032E9,,,true,0,0,0,0
1449854830601,0,Heap Memory Committed,,3.18636032E9,,,true,0,0,0,0
1449854831607,0,Heap Memory Used,,6.97669872E8,,,true,0,0,0,0
1449854831608,0,Heap Memory Max,,3.18636032E9,,,true,0,0,0,0
1449854831609,0,Heap Memory Committed,,3.18636032E9,,,true,0,0,0,0
1449854832616,0,Heap Memory Used,,7.12482216E8,,,true,0,0,0,0
1449854832617,0,Heap Memory Max,,3.18636032E9,,,true,0,0,0,0
1449854832618,0,Heap Memory Committed,,3.18636032E9,,,true,0,0,0,0
1449854833625,0,Heap Memory Used,,7.12744968E8,,,true,0,0,0,0
1449854833626,0,Heap Memory Max,,3.18636032E9,,,true,0,0,0,0
1449854833627,0,Heap Memory Committed,,3.18636032E9,,,true,0,0,0,0
1449854834632,0,Heap Memory Used,,7.12969344E8,,,true,0,0,0,0
1449854834632,0,Heap Memory Max,,3.18636032E9,,,true,0,0,0,0
1449854834633,0,Heap Memory Committed,,3.18636032E9,,,true,0,0,0,0
1449854835638,0,Heap Memory Used,,8.79267248E8,,,true,0,0,0,0
1449854835639,0,Heap Memory Max,,3.18636032E9,,,true,0,0,0,0
1449854835640,0,Heap Memory Committed,,3.18636032E9,,,true,0,0,0,0
1449854836646,0,Heap Memory Used,,7.72256272E8,,,true,0,0,0,0
1449854836647,0,Heap Memory Max,,3.18636032E9,,,true,0,0,0,0
1449854836648,0,Heap Memory Committed,,3.18636032E9,,,true,0,0,0,0
1449854837654,0,Heap Memory Used,,7.76328288E8,,,true,0,0,0,0
1449854837656,0,Heap Memory Max,,3.18636032E9,,,true,0,0,0,0
1449854837657,0,Heap Memory Committed,,3.18636032E9,,,true,0,0,0,0
1449854838663,0,Heap Memory Used,,7.76654264E8,,,true,0,0,0,0
1449854838665,0,Heap Memory Max,,3.18636032E9,,,true,0,0,0,0
1449854838666,0,Heap Memory Committed,,3.18636032E9,,,true,0,0,0,0
1449854839669,0,Heap Memory Used,,7.7690184E8,,,true,0,0,0,0
1449854839671,0,Heap Memory Max,,3.18636032E9,,,true,0,0,0,0
1449854839672,0,Heap Memory Committed,,3.18636032E9,,,true,0,0,0,0
1449854840678,0,Heap Memory Used,,7.87493456E8,,,true,0,0,0,0
1449854840679,0,Heap Memory Max,,3.18636032E9,,,true,0,0,0,0
1449854840680,0,Heap Memory Committed,,3.18636032E9,,,true,0,0,0,0
1449854841686,0,Heap Memory Used,,7.87676712E8,,,true,0,0,0,0
1449854841687,0,Heap Memory Max,,3.18636032E9,,,true,0,0,0,0
1449854841689,0,Heap Memory Committed,,3.18636032E9,,,true,0,0,0,0
1449854842694,0,Heap Memory Used,,7.87928656E8,,,true,0,0,0,0
1449854842695,0,Heap Memory Max,,3.18636032E9,,,true,0,0,0,0
1449854842697,0,Heap Memory Committed,,3.18636032E9,,,true,0,0,0,0
1449854843702,0,Heap Memory Used,,7.88107376E8,,,true,0,0,0,0
1449854843703,0,Heap Memory Max,,3.18636032E9,,,true,0,0,0,0
1449854843703,0,Heap Memory Committed,,3.18636032E9,,,true,0,0,0,0
1449854844711,0,Heap Memory Used,,7.88341704E8,,,true,0,0,0,0
1449854844712,0,Heap Memory Max,,3.18636032E9,,,true,0,0,0,0
1449854844713,0,Heap Memory Committed,,3.18636032E9,,,true,0,0,0,0
1449854845718,0,Heap Memory Used,,7.8856852E8,,,true,0,0,0,0
1449854845719,0,Heap Memory Max,,3.18636032E9,,,true,0,0,0,0
1449854845719,0,Heap Memory Committed,,3.18636032E9,,,true,0,0,0,0
1449854846726,0,Heap Memory Used,,7.95403768E8,,,true,0,0,0,0
1449854846726,0,Heap Memory Max,,3.18636032E9,,,true,0,0,0,0
1449854846727,0,Heap Memory Committed,,3.18636032E9,,,true,0,0,0,0
1449854847731,0,Heap Memory Used,,7.956258E8,,,true,0,0,0,0
1449854847732,0,Heap Memory Max,,3.18636032E9,,,true,0,0,0,0
1449854847733,0,Heap Memory Committed,,3.18636032E9,,,true,0,0,0,0
1449854848739,0,Heap Memory Used,,7.95903592E8,,,true,0,0,0,0
1449854848741,0,Heap Memory Max,,3.18636032E9,,,true,0,0,0,0
1449854848742,0,Heap Memory Committed,,3.18636032E9,,,true,0,0,0,0
1449854849749,0,Heap Memory Used,,7.96158048E8,,,true,0,0,0,0
1449854849750,0,Heap Memory Max,,3.18636032E9,,,true,0,0,0,0
1449854849750,0,Heap Memory Committed,,3.18636032E9,,,true,0,0,0,0
1449854850753,0,Heap Memory Used,,8.39488E8,,,true,0,0,0,0
1449854850754,0,Heap Memory Max,,3.18636032E9,,,true,0,0,0,0
1449854850755,0,Heap Memory Committed,,3.18636032E9,,,true,0,0,0,0
1449854851759,0,Heap Memory Used,,8.39765328E8,,,true,0,0,0,0
1449854851760,0,Heap Memory Max,,3.18636032E9,,,true,0,0,0,0
1449854851760,0,Heap Memory Committed,,3.18636032E9,,,true,0,0,0,0
1449854852767,0,Heap Memory Used,,8.4007024E8,,,true,0,0,0,0
1449854852768,0,Heap Memory Max,,3.18636032E9,,,true,0,0,0,0
1449854852769,0,Heap Memory Committed,,3.18636032E9,,,true,0,0,0,0
1449854853775,0,Heap Memory Used,,8.48508944E8,,,true,0,0,0,0
1449854853776,0,Heap Memory Max,,3.18636032E9,,,true,0,0,0,0
1449854853777,0,Heap Memory Committed,,3.18636032E9,,,true,0,0,0,0
1449854854781,0,Heap Memory Used,,8.48855008E8,,,true,0,0,0,0
1449854854782,0,Heap Memory Max,,3.18636032E9,,,true,0,0,0,0
1449854854783,0,Heap Memory Committed,,3.18636032E9,,,true,0,0,0,0
1449854855789,0,Heap Memory Used,,8.49062168E8,,,true,0,0,0,0
1449854855790,0,Heap Memory Max,,3.18636032E9,,,true,0,0,0,0
1449854855791,0,Heap Memory Committed,,3.18636032E9,,,true,0,0,0,0
1449854856796,0,Heap Memory Used,,8.49209992E8,,,true,0,0,0,0
1449854856797,0,Heap Memory Max,,3.18636032E9,,,true,0,0,0,0
1449854856798,0,Heap Memory Committed,,3.18636032E9,,,true,0,0,0,0
1449854857805,0,Heap Memory Used,,8.49459264E8,,,true,0,0,0,0
1449854857806,0,Heap Memory Max,,3.18636032E9,,,true,0,0,0,0
1449854857808,0,Heap Memory Committed,,3.18636032E9,,,true,0,0,0,0
1449854858815,0,Heap Memory Used,,8.49726728E8,,,true,0,0,0,0
1449854858816,0,Heap Memory Max,,3.18636032E9,,,true,0,0,0,0
1449854858817,0,Heap Memory Committed,,3.18636032E9,,,true,0,0,0,0
1449854859820,0,Heap Memory Used,,8.49999408E8,,,true,0,0,0,0
1449854859821,0,Heap Memory Max,,3.18636032E9,,,true,0,0,0,0
1449854859822,0,Heap Memory Committed,,3.18636032E9,,,true,0,0,0,0
1449854860829,0,Heap Memory Used,,8.57568904E8,,,true,0,0,0,0
1449854860830,0,Heap Memory Max,,3.18636032E9,,,true,0,0,0,0
1449854860831,0,Heap Memory Committed,,3.18636032E9,,,true,0,0,0,0
1449854861838,0,Heap Memory Used,,8.5779516E8,,,true,0,0,0,0
1449854861840,0,Heap Memory Max,,3.18636032E9,,,true,0,0,0,0
1449854861841,0,Heap Memory Committed,,3.18636032E9,,,true,0,0,0,0
1449854862847,0,Heap Memory Used,,8.58E8,,,true,0,0,0,0
1449854862849,0,Heap Memory Max,,3.18636032E9,,,true,0,0,0,0
1449854862849,0,Heap Memory Committed,,3.18636032E9,,,true,0,0,0,0
1449854863856,0,Heap Memory Used,,8.58216592E8,,,true,0,0,0,0
1449854863857,0,Heap Memory Max,,3.18636032E9,,,true,0,0,0,0
1449854863859,0,Heap Memory Committed,,3.18636032E9,,,true,0,0,0,0
1449854864865,0,Heap Memory Used,,8.5849436E8,,,true,0,0,0,0
1449854864867,0,Heap Memory Max,,3.18636032E9,,,true,0,0,0,0
1449854864868,0,Heap Memory Committed,,3.18636032E9,,,true,0,0,0,0
1449854865875,0,Heap Memory Used,,6.20110456E8,,,true,0,0,0,0
1449854865876,0,Heap Memory Max,,3.18636032E9,,,true,0,0,0,0
1449854865877,0,Heap Memory Committed,,3.18636032E9,,,true,0,0,0,0
1449854866882,0,Heap Memory Used,,6.20304976E8,,,true,0,0,0,0
1449854866883,0,Heap Memory Max,,3.18636032E9,,,true,0,0,0,0
1449854866884,0,Heap Memory Committed,,3.18636032E9,,,true,0,0,0,0
1449854867888,0,Heap Memory Used,,6.21437608E8,,,true,0,0,0,0
1449854867889,0,Heap Memory Max,,3.18636032E9,,,true,0,0,0,0
1449854867891,0,Heap Memory Committed,,3.18636032E9,,,true,0,0,0,0
1449854868896,0,Heap Memory Used,,6.21728944E8,,,true,0,0,0,0
1449854868896,0,Heap Memory Max,,3.18636032E9,,,true,0,0,0,0
1449854868897,0,Heap Memory Committed,,3.18636032E9,,,true,0,0,0,0
1449854869904,0,Heap Memory Used,,6.21981224E8,,,true,0,0,0,0
1449854869905,0,Heap Memory Max,,3.18636032E9,,,true,0,0,0,0
1449854869907,0,Heap Memory Committed,,3.18636032E9,,,true,0,0,0,0
1449854870909,0,Heap Memory Used,,6.2233852E8,,,true,0,0,0,0
1449854870910,0,Heap Memory Max,,3.18636032E9,,,true,0,0,0,0
1449854870911,0,Heap Memory Committed,,3.18636032E9,,,true,0,0,0,0
1449854871916,0,Heap Memory Used,,6.26558584E8,,,true,0,0,0,0
1449854871917,0,Heap Memory Max,,3.18636032E9,,,true,0,0,0,0
1449854871918,0,Heap Memory Committed,,3.18636032E9,,,true,0,0,0,0
1449854872923,0,Heap Memory Used,,7.23407824E8,,,true,0,0,0,0
1449854872924,0,Heap Memory Max,,3.18636032E9,,,true,0,0,0,0
1449854872925,0,Heap Memory Committed,,3.18636032E9,,,true,0,0,0,0
1449855114830,0,Heap Memory Used,,7.33183056E8,,,true,0,0,0,0
1449855114847,0,Heap Memory Max,,3.18636032E9,,,true,0,0,0,0
1449855114849,0,Heap Memory Committed,,3.18636032E9,,,true,0,0,0,0
1449855115859,0,Heap Memory Used,,7.81025336E8,,,true,0,0,0,0
1449855115861,0,Heap Memory Max,,3.18636032E9,,,true,0,0,0,0
1449855115864,0,Heap Memory Committed,,3.18636032E9,,,true,0,0,0,0
1449855116871,0,Heap Memory Used,,7.81336552E8,,,true,0,0,0,0
1449855116873,0,Heap Memory Max,,3.18636032E9,,,true,0,0,0,0
1449855116875,0,Heap Memory Committed,,3.18636032E9,,,true,0,0,0,0
1449855117883,0,Heap Memory Used,,7.8178296E8,,,true,0,0,0,0
1449855117885,0,Heap Memory Max,,3.18636032E9,,,true,0,0,0,0
1449855117887,0,Heap Memory Committed,,3.18636032E9,,,true,0,0,0,0
1449855118893,0,Heap Memory Used,,7.82093544E8,,,true,0,0,0,0
1449855118895,0,Heap Memory Max,,3.18636032E9,,,true,0,0,0,0
1449855118896,0,Heap Memory Committed,,3.18636032E9,,,true,0,0,0,0
1449855119900,0,Heap Memory Used,,7.82341232E8,,,true,0,0,0,0
1449855119901,0,Heap Memory Max,,3.18636032E9,,,true,0,0,0,0
1449855119903,0,Heap Memory Committed,,3.18636032E9,,,true,0,0,0,0
1449855120910,0,Heap Memory Used,,6.43822944E8,,,true,0,0,0,0
1449855120914,0,Heap Memory Max,,3.18636032E9,,,true,0,0,0,0
1449855120917,0,Heap Memory Committed,,3.18636032E9,,,true,0,0,0,0
1449855121922,0,Heap Memory Used,,6.90140624E8,,,true,0,0,0,0
1449855121924,0,Heap Memory Max,,3.18636032E9,,,true,0,0,0,0
1449855121926,0,Heap Memory Committed,,3.18636032E9,,,true,0,0,0,0
1449855122934,0,Heap Memory Used,,6.90414872E8,,,true,0,0,0,0
1449855122937,0,Heap Memory Max,,3.18636032E9,,,true,0,0,0,0
1449855122938,0,Heap Memory Committed,,3.18636032E9,,,true,0,0,0,0
1449855123941,0,Heap Memory Used,,6.90597264E8,,,true,0,0,0,0
1449855123943,0,Heap Memory Max,,3.18636032E9,,,true,0,0,0,0
1449855123944,0,Heap Memory Committed,,3.18636032E9,,,true,0,0,0,0
1449855124951,0,Heap Memory Used,,6.90815216E8,,,true,0,0,0,0
1449855124954,0,Heap Memory Max,,3.18636032E9,,,true,0,0,0,0
1449855124955,0,Heap Memory Committed,,3.18636032E9,,,true,0,0,0,0
1449855125961,0,Heap Memory Used,,6.91133144E8,,,true,0,0,0,0
1449855125963,0,Heap Memory Max,,3.18636032E9,,,true,0,0,0,0
1449855125964,0,Heap Memory Committed,,3.18636032E9,,,true,0,0,0,0
1449855126971,0,Heap Memory Used,,6.9137796E8,,,true,0,0,0,0
1449855126972,0,Heap Memory Max,,3.18636032E9,,,true,0,0,0,0
1449855126973,0,Heap Memory Committed,,3.18636032E9,,,true,0,0,0,0
1449855127979,0,Heap Memory Used,,6.91577008E8,,,true,0,0,0,0
1449855127980,0,Heap Memory Max,,3.18636032E9,,,true,0,0,0,0
1449855127982,0,Heap Memory Committed,,3.18636032E9,,,true,0,0,0,0
1449855128988,0,Heap Memory Used,,6.9184836E8,,,true,0,0,0,0
1449855128989,0,Heap Memory Max,,3.18636032E9,,,true,0,0,0,0
1449855128990,0,Heap Memory Committed,,3.18636032E9,,,true,0,0,0,0
1449855129995,0,Heap Memory Used,,6.92068248E8,,,true,0,0,0,0
1449855129997,0,Heap Memory Max,,3.18636032E9,,,true,0,0,0,0
1449855129998,0,Heap Memory Committed,,3.18636032E9,,,true,0,0,0,0
1449855131002,0,Heap Memory Used,,6.9231192E8,,,true,0,0,0,0
1449855131005,0,Heap Memory Max,,3.18636032E9,,,true,0,0,0,0
1449855131006,0,Heap Memory Committed,,3.18636032E9,,,true,0,0,0,0
1449855132013,0,Heap Memory Used,,6.92571912E8,,,true,0,0,0,0
1449855132015,0,Heap Memory Max,,3.18636032E9,,,true,0,0,0,0
1449855132016,0,Heap Memory Committed,,3.18636032E9,,,true,0,0,0,0
1449855133022,0,Heap Memory Used,,6.92821552E8,,,true,0,0,0,0
1449855133023,0,Heap Memory Max,,3.18636032E9,,,true,0,0,0,0
1449855133024,0,Heap Memory Committed,,3.18636032E9,,,true,0,0,0,0
1449855134027,0,Heap Memory Used,,6.93013816E8,,,true,0,0,0,0
1449855134029,0,Heap Memory Max,,3.18636032E9,,,true,0,0,0,0
1449855134030,0,Heap Memory Committed,,3.18636032E9,,,true,0,0,0,0
1449855135035,0,Heap Memory Used,,7.00907792E8,,,true,0,0,0,0
1449855135036,0,Heap Memory Max,,3.18636032E9,,,true,0,0,0,0
1449855135039,0,Heap Memory Committed,,3.18636032E9,,,true,0,0,0,0
1449855136043,0,Heap Memory Used,,7.14312856E8,,,true,0,0,0,0
1449855136045,0,Heap Memory Max,,3.18636032E9,,,true,0,0,0,0
1449855136046,0,Heap Memory Committed,,3.18636032E9,,,true,0,0,0,0
1449855137053,0,Heap Memory Used,,7.14615328E8,,,true,0,0,0,0
1449855137054,0,Heap Memory Max,,3.18636032E9,,,true,0,0,0,0
1449855137055,0,Heap Memory Committed,,3.18636032E9,,,true,0,0,0,0
1449855138062,0,Heap Memory Used,,7.14871784E8,,,true,0,0,0,0
1449855138067,0,Heap Memory Max,,3.18636032E9,,,true,0,0,0,0
1449855138068,0,Heap Memory Committed,,3.18636032E9,,,true,0,0,0,0
1449855139074,0,Heap Memory Used,,7.15150672E8,,,true,0,0,0,0
1449855139075,0,Heap Memory Max,,3.18636032E9,,,true,0,0,0,0
1449855139076,0,Heap Memory Committed,,3.18636032E9,,,true,0,0,0,0
1449855140080,0,Heap Memory Used,,7.1540472E8,,,true,0,0,0,0
1449855140081,0,Heap Memory Max,,3.18636032E9,,,true,0,0,0,0
1449855140082,0,Heap Memory Committed,,3.18636032E9,,,true,0,0,0,0
1449855141088,0,Heap Memory Used,,7.15648472E8,,,true,0,0,0,0
1449855141089,0,Heap Memory Max,,3.18636032E9,,,true,0,0,0,0
1449855141090,0,Heap Memory Committed,,3.18636032E9,,,true,0,0,0,0
1449855142095,0,Heap Memory Used,,7.1583752E8,,,true,0,0,0,0
1449855142096,0,Heap Memory Max,,3.18636032E9,,,true,0,0,0,0
1449855142097,0,Heap Memory Committed,,3.18636032E9,,,true,0,0,0,0
1449855143102,0,Heap Memory Used,,7.16084824E8,,,true,0,0,0,0
1449855143104,0,Heap Memory Max,,3.18636032E9,,,true,0,0,0,0
1449855143105,0,Heap Memory Committed,,3.18636032E9,,,true,0,0,0,0
1449855144110,0,Heap Memory Used,,7.1631332E8,,,true,0,0,0,0
1449855144111,0,Heap Memory Max,,3.18636032E9,,,true,0,0,0,0
1449855144112,0,Heap Memory Committed,,3.18636032E9,,,true,0,0,0,0
1449855145116,0,Heap Memory Used,,7.22324672E8,,,true,0,0,0,0
1449855145117,0,Heap Memory Max,,3.18636032E9,,,true,0,0,0,0
1449855145118,0,Heap Memory Committed,,3.18636032E9,,,true,0,0,0,0
1449855146124,0,Heap Memory Used,,7.81247744E8,,,true,0,0,0,0
1449855146125,0,Heap Memory Max,,3.18636032E9,,,true,0,0,0,0
1449855146126,0,Heap Memory Committed,,3.18636032E9,,,true,0,0,0,0
1449855147133,0,Heap Memory Used,,8.03964768E8,,,true,0,0,0,0
1449855147135,0,Heap Memory Max,,3.18636032E9,,,true,0,0,0,0
1449855147136,0,Heap Memory Committed,,3.18636032E9,,,true,0,0,0,0
1449855148141,0,Heap Memory Used,,8.04246784E8,,,true,0,0,0,0
1449855148143,0,Heap Memory Max,,3.18636032E9,,,true,0,0,0,0
1449855148144,0,Heap Memory Committed,,3.18636032E9,,,true,0,0,0,0
1449855149148,0,Heap Memory Used,,8.04466416E8,,,true,0,0,0,0
1449855149149,0,Heap Memory Max,,3.18636032E9,,,true,0,0,0,0
1449855149150,0,Heap Memory Committed,,3.18636032E9,,,true,0,0,0,0
1449855150156,0,Heap Memory Used,,8.30491976E8,,,true,0,0,0,0
1449855150157,0,Heap Memory Max,,3.18636032E9,,,true,0,0,0,0
1449855150158,0,Heap Memory Committed,,3.18636032E9,,,true,0,0,0,0
1449855151164,0,Heap Memory Used,,7.55857048E8,,,true,0,0,0,0
1449855151165,0,Heap Memory Max,,3.18636032E9,,,true,0,0,0,0
1449855151167,0,Heap Memory Committed,,3.18636032E9,,,true,0,0,0,0
1449855152172,0,Heap Memory Used,,7.56175104E8,,,true,0,0,0,0
1449855152173,0,Heap Memory Max,,3.18636032E9,,,true,0,0,0,0
1449855152174,0,Heap Memory Committed,,3.18636032E9,,,true,0,0,0,0
1449855153179,0,Heap Memory Used,,7.56401272E8,,,true,0,0,0,0
1449855153180,0,Heap Memory Max,,3.18636032E9,,,true,0,0,0,0
1449855153181,0,Heap Memory Committed,,3.18636032E9,,,true,0,0,0,0
1449855154188,0,Heap Memory Used,,8.1426088E8,,,true,0,0,0,0
1449855154190,0,Heap Memory Max,,3.18636032E9,,,true,0,0,0,0
1449855154191,0,Heap Memory Committed,,3.18636032E9,,,true,0,0,0,0
1449855155195,0,Heap Memory Used,,8.25954112E8,,,true,0,0,0,0
1449855155196,0,Heap Memory Max,,3.18636032E9,,,true,0,0,0,0
1449855155198,0,Heap Memory Committed,,3.18636032E9,,,true,0,0,0,0
1449855156204,0,Heap Memory Used,,8.26131232E8,,,true,0,0,0,0
1449855156205,0,Heap Memory Max,,3.18636032E9,,,true,0,0,0,0
1449855156206,0,Heap Memory Committed,,3.18636032E9,,,true,0,0,0,0
1449855157213,0,Heap Memory Used,,8.26358648E8,,,true,0,0,0,0
1449855157214,0,Heap Memory Max,,3.18636032E9,,,true,0,0,0,0
1449855157215,0,Heap Memory Committed,,3.18636032E9,,,true,0,0,0,0
1449855158221,0,Heap Memory Used,,8.2667912E8,,,true,0,0,0,0
1449855158223,0,Heap Memory Max,,3.18636032E9,,,true,0,0,0,0
1449855158224,0,Heap Memory Committed,,3.18636032E9,,,true,0,0,0,0
1449855159227,0,Heap Memory Used,,8.53844184E8,,,true,0,0,0,0
1449855159228,0,Heap Memory Max,,3.18636032E9,,,true,0,0,0,0
1449855159229,0,Heap Memory Committed,,3.18636032E9,,,true,0,0,0,0
1449855160235,0,Heap Memory Used,,8.57121232E8,,,true,0,0,0,0
1449855160237,0,Heap Memory Max,,3.18636032E9,,,true,0,0,0,0
1449855160238,0,Heap Memory Committed,,3.18636032E9,,,true,0,0,0,0
1449855161242,0,Heap Memory Used,,8.57353872E8,,,true,0,0,0,0
1449855161243,0,Heap Memory Max,,3.18636032E9,,,true,0,0,0,0
1449855161244,0,Heap Memory Committed,,3.18636032E9,,,true,0,0,0,0
1449855162250,0,Heap Memory Used,,8.57579464E8,,,true,0,0,0,0
1449855162250,0,Heap Memory Max,,3.18636032E9,,,true,0,0,0,0
1449855162251,0,Heap Memory Committed,,3.18636032E9,,,true,0,0,0,0
1449855163257,0,Heap Memory Used,,8.82624664E8,,,true,0,0,0,0
1449855163258,0,Heap Memory Max,,3.18636032E9,,,true,0,0,0,0
1449855163259,0,Heap Memory Committed,,3.18636032E9,,,true,0,0,0,0
1449855164265,0,Heap Memory Used,,8.82873832E8,,,true,0,0,0,0
1449855164266,0,Heap Memory Max,,3.18636032E9,,,true,0,0,0,0
1449855164267,0,Heap Memory Committed,,3.18636032E9,,,true,0,0,0,0
1449855165273,0,Heap Memory Used,,6.70675368E8,,,true,0,0,0,0
1449855165274,0,Heap Memory Max,,3.18636032E9,,,true,0,0,0,0
1449855165274,0,Heap Memory Committed,,3.18636032E9,,,true,0,0,0,0
1449855166281,0,Heap Memory Used,,6.70984288E8,,,true,0,0,0,0
1449855166282,0,Heap Memory Max,,3.18636032E9,,,true,0,0,0,0
1449855166283,0,Heap Memory Committed,,3.18636032E9,,,true,0,0,0,0
1449855167289,0,Heap Memory Used,,7.04794656E8,,,true,0,0,0,0
1449855167290,0,Heap Memory Max,,3.18636032E9,,,true,0,0,0,0
1449855167291,0,Heap Memory Committed,,3.18636032E9,,,true,0,0,0,0
1449855168299,0,Heap Memory Used,,7.20174024E8,,,true,0,0,0,0
1449855168300,0,Heap Memory Max,,3.18636032E9,,,true,0,0,0,0
1449855168303,0,Heap Memory Committed,,3.18636032E9,,,true,0,0,0,0
1449855169308,0,Heap Memory Used,,7.25526112E8,,,true,0,0,0,0
1449855169309,0,Heap Memory Max,,3.18636032E9,,,true,0,0,0,0
1449855169310,0,Heap Memory Committed,,3.18636032E9,,,true,0,0,0,0
1449855170316,0,Heap Memory Used,,7.25760056E8,,,true,0,0,0,0
1449855170317,0,Heap Memory Max,,3.18636032E9,,,true,0,0,0,0
1449855170318,0,Heap Memory Committed,,3.18636032E9,,,true,0,0,0,0
1449855171324,0,Heap Memory Used,,7.26009464E8,,,true,0,0,0,0
1449855171325,0,Heap Memory Max,,3.18636032E9,,,true,0,0,0,0
1449855171327,0,Heap Memory Committed,,3.18636032E9,,,true,0,0,0,0
1449855172331,0,Heap Memory Used,,7.269232E8,,,true,0,0,0,0
1449855172332,0,Heap Memory Max,,3.18636032E9,,,true,0,0,0,0
1449855172333,0,Heap Memory Committed,,3.18636032E9,,,true,0,0,0,0
1449855173339,0,Heap Memory Used,,7.27156944E8,,,true,0,0,0,0
1449855173341,0,Heap Memory Max,,3.18636032E9,,,true,0,0,0,0
1449855173342,0,Heap Memory Committed,,3.18636032E9,,,true,0,0,0,0
1449855174347,0,Heap Memory Used,,7.27369296E8,,,true,0,0,0,0
1449855174348,0,Heap Memory Max,,3.18636032E9,,,true,0,0,0,0
1449855174349,0,Heap Memory Committed,,3.18636032E9,,,true,0,0,0,0
1449855175421,0,Heap Memory Used,,7.35572016E8,,,true,0,0,0,0
1449855175422,0,Heap Memory Max,,3.18636032E9,,,true,0,0,0,0
1449855175423,0,Heap Memory Committed,,3.18636032E9,,,true,0,0,0,0
1449855176429,0,Heap Memory Used,,7.54775944E8,,,true,0,0,0,0
1449855176430,0,Heap Memory Max,,3.18636032E9,,,true,0,0,0,0
1449855176431,0,Heap Memory Committed,,3.18636032E9,,,true,0,0,0,0
1449855177437,0,Heap Memory Used,,7.55007848E8,,,true,0,0,0,0
1449855177438,0,Heap Memory Max,,3.18636032E9,,,true,0,0,0,0
1449855177439,0,Heap Memory Committed,,3.18636032E9,,,true,0,0,0,0
1449855178445,0,Heap Memory Used,,7.55332168E8,,,true,0,0,0,0
1449855178446,0,Heap Memory Max,,3.18636032E9,,,true,0,0,0,0
1449855178448,0,Heap Memory Committed,,3.18636032E9,,,true,0,0,0,0
1449855179454,0,Heap Memory Used,,7.55625256E8,,,true,0,0,0,0
1449855179456,0,Heap Memory Max,,3.18636032E9,,,true,0,0,0,0
1449855179457,0,Heap Memory Committed,,3.18636032E9,,,true,0,0,0,0
1449855180462,0,Heap Memory Used,,8.0238216E8,,,true,0,0,0,0
1449855180463,0,Heap Memory Max,,3.18636032E9,,,true,0,0,0,0
1449855180464,0,Heap Memory Committed,,3.18636032E9,,,true,0,0,0,0
1449855181469,0,Heap Memory Used,,8.17326944E8,,,true,0,0,0,0
1449855181470,0,Heap Memory Max,,3.18636032E9,,,true,0,0,0,0
1449855181471,0,Heap Memory Committed,,3.18636032E9,,,true,0,0,0,0
1449855182477,0,Heap Memory Used,,8.17558344E8,,,true,0,0,0,0
1449855182478,0,Heap Memory Max,,3.18636032E9,,,true,0,0,0,0
1449855182479,0,Heap Memory Committed,,3.18636032E9,,,true,0,0,0,0
1449855183484,0,Heap Memory Used,,8.46365376E8,,,true,0,0,0,0
1449855183485,0,Heap Memory Max,,3.18636032E9,,,true,0,0,0,0
1449855183486,0,Heap Memory Committed,,3.18636032E9,,,true,0,0,0,0
1449855184491,0,Heap Memory Used,,8.67218336E8,,,true,0,0,0,0
1449855184495,0,Heap Memory Max,,3.18636032E9,,,true,0,0,0,0
1449855184499,0,Heap Memory Committed,,3.18636032E9,,,true,0,0,0,0
1449855185505,0,Heap Memory Used,,8.77956528E8,,,true,0,0,0,0
1449855185507,0,Heap Memory Max,,3.18636032E9,,,true,0,0,0,0
1449855185509,0,Heap Memory Committed,,3.18636032E9,,,true,0,0,0,0
1449855186515,0,Heap Memory Used,,8.78101848E8,,,true,0,0,0,0
1449855186516,0,Heap Memory Max,,3.18636032E9,,,true,0,0,0,0
1449855186517,0,Heap Memory Committed,,3.18636032E9,,,true,0,0,0,0
1449855187524,0,Heap Memory Used,,8.78345752E8,,,true,0,0,0,0
1449855187525,0,Heap Memory Max,,3.18636032E9,,,true,0,0,0,0
1449855187526,0,Heap Memory Committed,,3.18636032E9,,,true,0,0,0,0
1449855188533,0,Heap Memory Used,,6.15018168E8,,,true,0,0,0,0
1449855188533,0,Heap Memory Max,,3.18636032E9,,,true,0,0,0,0
1449855188534,0,Heap Memory Committed,,3.18636032E9,,,true,0,0,0,0
1449855189539,0,Heap Memory Used,,6.15294648E8,,,true,0,0,0,0
1449855189540,0,Heap Memory Max,,3.18636032E9,,,true,0,0,0,0
1449855189541,0,Heap Memory Committed,,3.18636032E9,,,true,0,0,0,0
1449855190546,0,Heap Memory Used,,6.15535752E8,,,true,0,0,0,0
1449855190547,0,Heap Memory Max,,3.18636032E9,,,true,0,0,0,0
1449855190548,0,Heap Memory Committed,,3.18636032E9,,,true,0,0,0,0
1449855191555,0,Heap Memory Used,,6.15721984E8,,,true,0,0,0,0
1449855191556,0,Heap Memory Max,,3.18636032E9,,,true,0,0,0,0
1449855191557,0,Heap Memory Committed,,3.18636032E9,,,true,0,0,0,0
1449855192561,0,Heap Memory Used,,6.15948512E8,,,true,0,0,0,0
1449855192563,0,Heap Memory Max,,3.18636032E9,,,true,0,0,0,0
1449855192564,0,Heap Memory Committed,,3.18636032E9,,,true,0,0,0,0
1449855193570,0,Heap Memory Used,,6.16129152E8,,,true,0,0,0,0
1449855193571,0,Heap Memory Max,,3.18636032E9,,,true,0,0,0,0
1449855193572,0,Heap Memory Committed,,3.18636032E9,,,true,0,0,0,0
1449855194577,0,Heap Memory Used,,6.1635396E8,,,true,0,0,0,0
1449855194578,0,Heap Memory Max,,3.18636032E9,,,true,0,0,0,0
1449855194579,0,Heap Memory Committed,,3.18636032E9,,,true,0,0,0,0
1449855195583,0,Heap Memory Used,,6.53343112E8,,,true,0,0,0,0
1449855195584,0,Heap Memory Max,,3.18636032E9,,,true,0,0,0,0
1449855195585,0,Heap Memory Committed,,3.18636032E9,,,true,0,0,0,0
1449855196590,0,Heap Memory Used,,6.62925624E8,,,true,0,0,0,0
1449855196591,0,Heap Memory Max,,3.18636032E9,,,true,0,0,0,0
1449855196591,0,Heap Memory Committed,,3.18636032E9,,,true,0,0,0,0
1449855197598,0,Heap Memory Used,,6.63226792E8,,,true,0,0,0,0
1449855197599,0,Heap Memory Max,,3.18636032E9,,,true,0,0,0,0
1449855197600,0,Heap Memory Committed,,3.18636032E9,,,true,0,0,0,0
1449855198606,0,Heap Memory Used,,6.63507088E8,,,true,0,0,0,0
1449855198607,0,Heap Memory Max,,3.18636032E9,,,true,0,0,0,0
1449855198607,0,Heap Memory Committed,,3.18636032E9,,,true,0,0,0,0
1449855199613,0,Heap Memory Used,,6.6376412E8,,,true,0,0,0,0
1449855199614,0,Heap Memory Max,,3.18636032E9,,,true,0,0,0,0
1449855199615,0,Heap Memory Committed,,3.18636032E9,,,true,0,0,0,0
1449855200620,0,Heap Memory Used,,6.64043104E8,,,true,0,0,0,0
1449855200621,0,Heap Memory Max,,3.18636032E9,,,true,0,0,0,0
1449855200622,0,Heap Memory Committed,,3.18636032E9,,,true,0,0,0,0
1449855201628,0,Heap Memory Used,,6.64392872E8,,,true,0,0,0,0
1449855201629,0,Heap Memory Max,,3.18636032E9,,,true,0,0,0,0
1449855201630,0,Heap Memory Committed,,3.18636032E9,,,true,0,0,0,0
1449855202636,0,Heap Memory Used,,6.71069592E8,,,true,0,0,0,0
1449855202637,0,Heap Memory Max,,3.18636032E9,,,true,0,0,0,0
1449855202637,0,Heap Memory Committed,,3.18636032E9,,,true,0,0,0,0
1449855203644,0,Heap Memory Used,,6.71314416E8,,,true,0,0,0,0
1449855203645,0,Heap Memory Max,,3.18636032E9,,,true,0,0,0,0
1449855203646,0,Heap Memory Committed,,3.18636032E9,,,true,0,0,0,0
1449855204652,0,Heap Memory Used,,6.716514E8,,,true,0,0,0,0
1449855204653,0,Heap Memory Max,,3.18636032E9,,,true,0,0,0,0
1449855204654,0,Heap Memory Committed,,3.18636032E9,,,true,0,0,0,0
1449855205659,0,Heap Memory Used,,6.72428664E8,,,true,0,0,0,0
1449855205660,0,Heap Memory Max,,3.18636032E9,,,true,0,0,0,0
1449855205661,0,Heap Memory Committed,,3.18636032E9,,,true,0,0,0,0
1449855206667,0,Heap Memory Used,,6.72653832E8,,,true,0,0,0,0
1449855206668,0,Heap Memory Max,,3.18636032E9,,,true,0,0,0,0
1449855206671,0,Heap Memory Committed,,3.18636032E9,,,true,0,0,0,0
1449855207675,0,Heap Memory Used,,6.72941632E8,,,true,0,0,0,0
1449855207676,0,Heap Memory Max,,3.18636032E9,,,true,0,0,0,0
1449855207677,0,Heap Memory Committed,,3.18636032E9,,,true,0,0,0,0
1449855208680,0,Heap Memory Used,,6.7976092E8,,,true,0,0,0,0
1449855208681,0,Heap Memory Max,,3.18636032E9,,,true,0,0,0,0
1449855208682,0,Heap Memory Committed,,3.18636032E9,,,true,0,0,0,0
1449855209688,0,Heap Memory Used,,6.8001468E8,,,true,0,0,0,0
1449855209689,0,Heap Memory Max,,3.18636032E9,,,true,0,0,0,0
1449855209690,0,Heap Memory Committed,,3.18636032E9,,,true,0,0,0,0
1449855210696,0,Heap Memory Used,,7.13706048E8,,,true,0,0,0,0
1449855210697,0,Heap Memory Max,,3.18636032E9,,,true,0,0,0,0
1449855210698,0,Heap Memory Committed,,3.18636032E9,,,true,0,0,0,0
1449855211704,0,Heap Memory Used,,7.13937584E8,,,true,0,0,0,0
1449855211705,0,Heap Memory Max,,3.18636032E9,,,true,0,0,0,0
1449855211706,0,Heap Memory Committed,,3.18636032E9,,,true,0,0,0,0
1449855212713,0,Heap Memory Used,,7.14164632E8,,,true,0,0,0,0
1449855212714,0,Heap Memory Max,,3.18636032E9,,,true,0,0,0,0
1449855212715,0,Heap Memory Committed,,3.18636032E9,,,true,0,0,0,0
1449855213722,0,Heap Memory Used,,7.14642576E8,,,true,0,0,0,0
1449855213723,0,Heap Memory Max,,3.18636032E9,,,true,0,0,0,0
1449855213724,0,Heap Memory Committed,,3.18636032E9,,,true,0,0,0,0
1449855214729,0,Heap Memory Used,,7.1486728E8,,,true,0,0,0,0
1449855214731,0,Heap Memory Max,,3.18636032E9,,,true,0,0,0,0
1449855214731,0,Heap Memory Committed,,3.18636032E9,,,true,0,0,0,0
1449855215736,0,Heap Memory Used,,7.15072072E8,,,true,0,0,0,0
1449855215737,0,Heap Memory Max,,3.18636032E9,,,true,0,0,0,0
1449855215737,0,Heap Memory Committed,,3.18636032E9,,,true,0,0,0,0
1449855216740,0,Heap Memory Used,,7.32611384E8,,,true,0,0,0,0
1449855216741,0,Heap Memory Max,,3.18636032E9,,,true,0,0,0,0
1449855216742,0,Heap Memory Committed,,3.18636032E9,,,true,0,0,0,0
1449855217749,0,Heap Memory Used,,8.3501416E8,,,true,0,0,0,0
1449855217750,0,Heap Memory Max,,3.18636032E9,,,true,0,0,0,0
1449855217751,0,Heap Memory Committed,,3.18636032E9,,,true,0,0,0,0
