1440159390835,0,GC Par New Collection Count,,0.0,,,true,0,0,0,0
1440159390836,0,GC Par New Collection Time,,0.0,,,true,0,0,0,0
1440159390837,0,GC Concurrent Mark Sweep Collection Count,,0.0,,,true,0,0,0,0
1440159390838,0,GC Concurrent Mark Sweep Collection Time,,0.0,,,true,0,0,0,0
1440159391844,0,GC Par New Collection Count,,0.0,,,true,0,0,0,0
1440159391846,0,GC Par New Collection Time,,0.0,,,true,0,0,0,0
1440159391847,0,GC Concurrent Mark Sweep Collection Count,,0.0,,,true,0,0,0,0
1440159391848,0,GC Concurrent Mark Sweep Collection Time,,0.0,,,true,0,0,0,0
1440159392854,0,GC Par New Collection Count,,0.0,,,true,0,0,0,0
1440159392856,0,GC Par New Collection Time,,0.0,,,true,0,0,0,0
1440159392857,0,GC Concurrent Mark Sweep Collection Count,,0.0,,,true,0,0,0,0
1440159392857,0,GC Concurrent Mark Sweep Collection Time,,0.0,,,true,0,0,0,0
1440159393864,0,GC Par New Collection Count,,0.0,,,true,0,0,0,0
1440159393865,0,GC Par New Collection Time,,0.0,,,true,0,0,0,0
1440159393866,0,GC Concurrent Mark Sweep Collection Count,,0.0,,,true,0,0,0,0
1440159393867,0,GC Concurrent Mark Sweep Collection Time,,0.0,,,true,0,0,0,0
1440159394874,0,GC Par New Collection Count,,0.0,,,true,0,0,0,0
1440159394876,0,GC Par New Collection Time,,0.0,,,true,0,0,0,0
1440159394877,0,GC Concurrent Mark Sweep Collection Count,,0.0,,,true,0,0,0,0
1440159394878,0,GC Concurrent Mark Sweep Collection Time,,0.0,,,true,0,0,0,0
1440159395883,0,GC Par New Collection Count,,0.0,,,true,0,0,0,0
1440159395884,0,GC Par New Collection Time,,0.0,,,true,0,0,0,0
1440159395885,0,GC Concurrent Mark Sweep Collection Count,,0.0,,,true,0,0,0,0
1440159395886,0,GC Concurrent Mark Sweep Collection Time,,0.0,,,true,0,0,0,0
1440159396892,0,GC Par New Collection Count,,0.0,,,true,0,0,0,0
1440159396893,0,GC Par New Collection Time,,0.0,,,true,0,0,0,0
1440159396895,0,GC Concurrent Mark Sweep Collection Count,,0.0,,,true,0,0,0,0
1440159396896,0,GC Concurrent Mark Sweep Collection Time,,0.0,,,true,0,0,0,0
1440159397903,0,GC Par New Collection Count,,0.0,,,true,0,0,0,0
1440159397905,0,GC Par New Collection Time,,0.0,,,true,0,0,0,0
1440159397906,0,GC Concurrent Mark Sweep Collection Count,,0.0,,,true,0,0,0,0
1440159397906,0,GC Concurrent Mark Sweep Collection Time,,0.0,,,true,0,0,0,0
1440159398913,0,GC Par New Collection Count,,0.0,,,true,0,0,0,0
1440159398913,0,GC Par New Collection Time,,0.0,,,true,0,0,0,0
1440159398914,0,GC Concurrent Mark Sweep Collection Count,,0.0,,,true,0,0,0,0
1440159398914,0,GC Concurrent Mark Sweep Collection Time,,0.0,,,true,0,0,0,0
1440159399920,0,GC Par New Collection Count,,0.0,,,true,0,0,0,0
1440159399921,0,GC Par New Collection Time,,0.0,,,true,0,0,0,0
1440159399921,0,GC Concurrent Mark Sweep Collection Count,,0.0,,,true,0,0,0,0
1440159399922,0,GC Concurrent Mark Sweep Collection Time,,0.0,,,true,0,0,0,0
1440159400928,0,GC Par New Collection Count,,1.0,,,true,0,0,0,0
1440159400929,0,GC Par New Collection Time,,35.0,,,true,0,0,0,0
1440159400930,0,GC Concurrent Mark Sweep Collection Count,,0.0,,,true,0,0,0,0
1440159400930,0,GC Concurrent Mark Sweep Collection Time,,0.0,,,true,0,0,0,0
1440159401934,0,GC Par New Collection Count,,1.0,,,true,0,0,0,0
1440159401935,0,GC Par New Collection Time,,16.0,,,true,0,0,0,0
1440159401935,0,GC Concurrent Mark Sweep Collection Count,,0.0,,,true,0,0,0,0
1440159401937,0,GC Concurrent Mark Sweep Collection Time,,0.0,,,true,0,0,0,0
1440159402943,0,GC Par New Collection Count,,0.0,,,true,0,0,0,0
1440159402944,0,GC Par New Collection Time,,0.0,,,true,0,0,0,0
1440159402945,0,GC Concurrent Mark Sweep Collection Count,,0.0,,,true,0,0,0,0
1440159402946,0,GC Concurrent Mark Sweep Collection Time,,0.0,,,true,0,0,0,0
1440159403952,0,GC Par New Collection Count,,0.0,,,true,0,0,0,0
1440159403953,0,GC Par New Collection Time,,0.0,,,true,0,0,0,0
1440159403953,0,GC Concurrent Mark Sweep Collection Count,,0.0,,,true,0,0,0,0
1440159403954,0,GC Concurrent Mark Sweep Collection Time,,0.0,,,true,0,0,0,0
1440159404960,0,GC Par New Collection Count,,0.0,,,true,0,0,0,0
1440159404961,0,GC Par New Collection Time,,0.0,,,true,0,0,0,0
1440159404962,0,GC Concurrent Mark Sweep Collection Count,,0.0,,,true,0,0,0,0
1440159404963,0,GC Concurrent Mark Sweep Collection Time,,0.0,,,true,0,0,0,0
1440159405968,0,GC Par New Collection Count,,0.0,,,true,0,0,0,0
1440159405969,0,GC Par New Collection Time,,0.0,,,true,0,0,0,0
1440159405970,0,GC Concurrent Mark Sweep Collection Count,,0.0,,,true,0,0,0,0
1440159405971,0,GC Concurrent Mark Sweep Collection Time,,0.0,,,true,0,0,0,0
1440159406976,0,GC Par New Collection Count,,0.0,,,true,0,0,0,0
1440159406978,0,GC Par New Collection Time,,0.0,,,true,0,0,0,0
1440159406979,0,GC Concurrent Mark Sweep Collection Count,,0.0,,,true,0,0,0,0
1440159406979,0,GC Concurrent Mark Sweep Collection Time,,0.0,,,true,0,0,0,0
1440159407985,0,GC Par New Collection Count,,0.0,,,true,0,0,0,0
1440159407986,0,GC Par New Collection Time,,0.0,,,true,0,0,0,0
1440159407987,0,GC Concurrent Mark Sweep Collection Count,,0.0,,,true,0,0,0,0
1440159407988,0,GC Concurrent Mark Sweep Collection Time,,0.0,,,true,0,0,0,0
1440159408994,0,GC Par New Collection Count,,0.0,,,true,0,0,0,0
1440159408995,0,GC Par New Collection Time,,0.0,,,true,0,0,0,0
1440159408996,0,GC Concurrent Mark Sweep Collection Count,,0.0,,,true,0,0,0,0
1440159408996,0,GC Concurrent Mark Sweep Collection Time,,0.0,,,true,0,0,0,0
1440159410002,0,GC Par New Collection Count,,0.0,,,true,0,0,0,0
1440159410004,0,GC Par New Collection Time,,0.0,,,true,0,0,0,0
1440159410005,0,GC Concurrent Mark Sweep Collection Count,,0.0,,,true,0,0,0,0
1440159410006,0,GC Concurrent Mark Sweep Collection Time,,0.0,,,true,0,0,0,0
1440159411013,0,GC Par New Collection Count,,0.0,,,true,0,0,0,0
1440159411014,0,GC Par New Collection Time,,0.0,,,true,0,0,0,0
1440159411015,0,GC Concurrent Mark Sweep Collection Count,,0.0,,,true,0,0,0,0
1440159411016,0,GC Concurrent Mark Sweep Collection Time,,0.0,,,true,0,0,0,0
1440159412020,0,GC Par New Collection Count,,0.0,,,true,0,0,0,0
1440159412021,0,GC Par New Collection Time,,0.0,,,true,0,0,0,0
1440159412022,0,GC Concurrent Mark Sweep Collection Count,,0.0,,,true,0,0,0,0
1440159412022,0,GC Concurrent Mark Sweep Collection Time,,0.0,,,true,0,0,0,0
1440159413028,0,GC Par New Collection Count,,0.0,,,true,0,0,0,0
1440159413030,0,GC Par New Collection Time,,0.0,,,true,0,0,0,0
1440159413031,0,GC Concurrent Mark Sweep Collection Count,,0.0,,,true,0,0,0,0
1440159413031,0,GC Concurrent Mark Sweep Collection Time,,0.0,,,true,0,0,0,0
1440159414037,0,GC Par New Collection Count,,0.0,,,true,0,0,0,0
1440159414038,0,GC Par New Collection Time,,0.0,,,true,0,0,0,0
1440159414038,0,GC Concurrent Mark Sweep Collection Count,,0.0,,,true,0,0,0,0
1440159414040,0,GC Concurrent Mark Sweep Collection Time,,0.0,,,true,0,0,0,0
1440159415045,0,GC Par New Collection Count,,0.0,,,true,0,0,0,0
1440159415047,0,GC Par New Collection Time,,0.0,,,true,0,0,0,0
1440159415048,0,GC Concurrent Mark Sweep Collection Count,,0.0,,,true,0,0,0,0
1440159415049,0,GC Concurrent Mark Sweep Collection Time,,0.0,,,true,0,0,0,0
1440159416055,0,GC Par New Collection Count,,0.0,,,true,0,0,0,0
1440159416055,0,GC Par New Collection Time,,0.0,,,true,0,0,0,0
1440159416056,0,GC Concurrent Mark Sweep Collection Count,,0.0,,,true,0,0,0,0
1440159416057,0,GC Concurrent Mark Sweep Collection Time,,0.0,,,true,0,0,0,0
1440159417062,0,GC Par New Collection Count,,0.0,,,true,0,0,0,0
1440159417064,0,GC Par New Collection Time,,0.0,,,true,0,0,0,0
1440159417065,0,GC Concurrent Mark Sweep Collection Count,,0.0,,,true,0,0,0,0
1440159417065,0,GC Concurrent Mark Sweep Collection Time,,0.0,,,true,0,0,0,0
1440159418070,0,GC Par New Collection Count,,0.0,,,true,0,0,0,0
1440159418072,0,GC Par New Collection Time,,0.0,,,true,0,0,0,0
1440159418073,0,GC Concurrent Mark Sweep Collection Count,,0.0,,,true,0,0,0,0
1440159418074,0,GC Concurrent Mark Sweep Collection Time,,0.0,,,true,0,0,0,0
1440159419080,0,GC Par New Collection Count,,0.0,,,true,0,0,0,0
1440159419082,0,GC Par New Collection Time,,0.0,,,true,0,0,0,0
1440159419083,0,GC Concurrent Mark Sweep Collection Count,,0.0,,,true,0,0,0,0
1440159419084,0,GC Concurrent Mark Sweep Collection Time,,0.0,,,true,0,0,0,0
1440159420090,0,GC Par New Collection Count,,0.0,,,true,0,0,0,0
1440159420092,0,GC Par New Collection Time,,0.0,,,true,0,0,0,0
1440159420093,0,GC Concurrent Mark Sweep Collection Count,,0.0,,,true,0,0,0,0
1440159420093,0,GC Concurrent Mark Sweep Collection Time,,0.0,,,true,0,0,0,0
1440159421099,0,GC Par New Collection Count,,0.0,,,true,0,0,0,0
1440159421100,0,GC Par New Collection Time,,0.0,,,true,0,0,0,0
1440159421101,0,GC Concurrent Mark Sweep Collection Count,,0.0,,,true,0,0,0,0
1440159421101,0,GC Concurrent Mark Sweep Collection Time,,0.0,,,true,0,0,0,0
1440159422104,0,GC Par New Collection Count,,0.0,,,true,0,0,0,0
1440159422106,0,GC Par New Collection Time,,0.0,,,true,0,0,0,0
1440159422107,0,GC Concurrent Mark Sweep Collection Count,,0.0,,,true,0,0,0,0
1440159422108,0,GC Concurrent Mark Sweep Collection Time,,0.0,,,true,0,0,0,0
1440159423114,0,GC Par New Collection Count,,0.0,,,true,0,0,0,0
1440159423115,0,GC Par New Collection Time,,0.0,,,true,0,0,0,0
1440159423116,0,GC Concurrent Mark Sweep Collection Count,,0.0,,,true,0,0,0,0
1440159423117,0,GC Concurrent Mark Sweep Collection Time,,0.0,,,true,0,0,0,0
1440159424123,0,GC Par New Collection Count,,0.0,,,true,0,0,0,0
1440159424124,0,GC Par New Collection Time,,0.0,,,true,0,0,0,0
1440159424125,0,GC Concurrent Mark Sweep Collection Count,,0.0,,,true,0,0,0,0
1440159424126,0,GC Concurrent Mark Sweep Collection Time,,0.0,,,true,0,0,0,0
1440159425129,0,GC Par New Collection Count,,0.0,,,true,0,0,0,0
1440159425131,0,GC Par New Collection Time,,0.0,,,true,0,0,0,0
1440159425132,0,GC Concurrent Mark Sweep Collection Count,,0.0,,,true,0,0,0,0
1440159425133,0,GC Concurrent Mark Sweep Collection Time,,0.0,,,true,0,0,0,0
1440159426139,0,GC Par New Collection Count,,0.0,,,true,0,0,0,0
1440159426140,0,GC Par New Collection Time,,0.0,,,true,0,0,0,0
1440159426141,0,GC Concurrent Mark Sweep Collection Count,,0.0,,,true,0,0,0,0
1440159426142,0,GC Concurrent Mark Sweep Collection Time,,0.0,,,true,0,0,0,0
1440159427147,0,GC Par New Collection Count,,0.0,,,true,0,0,0,0
1440159427148,0,GC Par New Collection Time,,0.0,,,true,0,0,0,0
1440159427149,0,GC Concurrent Mark Sweep Collection Count,,0.0,,,true,0,0,0,0
1440159427149,0,GC Concurrent Mark Sweep Collection Time,,0.0,,,true,0,0,0,0
1440159428156,0,GC Par New Collection Count,,0.0,,,true,0,0,0,0
1440159428157,0,GC Par New Collection Time,,0.0,,,true,0,0,0,0
1440159428158,0,GC Concurrent Mark Sweep Collection Count,,0.0,,,true,0,0,0,0
1440159428159,0,GC Concurrent Mark Sweep Collection Time,,0.0,,,true,0,0,0,0
1440159429165,0,GC Par New Collection Count,,0.0,,,true,0,0,0,0
1440159429166,0,GC Par New Collection Time,,0.0,,,true,0,0,0,0
1440159429167,0,GC Concurrent Mark Sweep Collection Count,,0.0,,,true,0,0,0,0
1440159429168,0,GC Concurrent Mark Sweep Collection Time,,0.0,,,true,0,0,0,0
1440159430174,0,GC Par New Collection Count,,0.0,,,true,0,0,0,0
1440159430175,0,GC Par New Collection Time,,0.0,,,true,0,0,0,0
1440159430176,0,GC Concurrent Mark Sweep Collection Count,,0.0,,,true,0,0,0,0
1440159430177,0,GC Concurrent Mark Sweep Collection Time,,0.0,,,true,0,0,0,0
1440159431183,0,GC Par New Collection Count,,0.0,,,true,0,0,0,0
1440159431184,0,GC Par New Collection Time,,0.0,,,true,0,0,0,0
1440159431184,0,GC Concurrent Mark Sweep Collection Count,,0.0,,,true,0,0,0,0
1440159431185,0,GC Concurrent Mark Sweep Collection Time,,0.0,,,true,0,0,0,0
1440159432191,0,GC Par New Collection Count,,0.0,,,true,0,0,0,0
1440159432192,0,GC Par New Collection Time,,0.0,,,true,0,0,0,0
1440159432193,0,GC Concurrent Mark Sweep Collection Count,,0.0,,,true,0,0,0,0
1440159432194,0,GC Concurrent Mark Sweep Collection Time,,0.0,,,true,0,0,0,0
1440159433199,0,GC Par New Collection Count,,0.0,,,true,0,0,0,0
1440159433200,0,GC Par New Collection Time,,0.0,,,true,0,0,0,0
1440159433201,0,GC Concurrent Mark Sweep Collection Count,,0.0,,,true,0,0,0,0
1440159433202,0,GC Concurrent Mark Sweep Collection Time,,0.0,,,true,0,0,0,0
1440159434205,0,GC Par New Collection Count,,0.0,,,true,0,0,0,0
1440159434205,0,GC Par New Collection Time,,0.0,,,true,0,0,0,0
1440159434206,0,GC Concurrent Mark Sweep Collection Count,,0.0,,,true,0,0,0,0
1440159434207,0,GC Concurrent Mark Sweep Collection Time,,0.0,,,true,0,0,0,0
1440159435212,0,GC Par New Collection Count,,0.0,,,true,0,0,0,0
1440159435214,0,GC Par New Collection Time,,0.0,,,true,0,0,0,0
1440159435215,0,GC Concurrent Mark Sweep Collection Count,,0.0,,,true,0,0,0,0
1440159435217,0,GC Concurrent Mark Sweep Collection Time,,0.0,,,true,0,0,0,0
1440159436222,0,GC Par New Collection Count,,0.0,,,true,0,0,0,0
1440159436223,0,GC Par New Collection Time,,0.0,,,true,0,0,0,0
1440159436224,0,GC Concurrent Mark Sweep Collection Count,,0.0,,,true,0,0,0,0
1440159436225,0,GC Concurrent Mark Sweep Collection Time,,0.0,,,true,0,0,0,0
1440159437233,0,GC Par New Collection Count,,0.0,,,true,0,0,0,0
1440159437235,0,GC Par New Collection Time,,0.0,,,true,0,0,0,0
1440159437236,0,GC Concurrent Mark Sweep Collection Count,,0.0,,,true,0,0,0,0
1440159437237,0,GC Concurrent Mark Sweep Collection Time,,0.0,,,true,0,0,0,0
1440159438243,0,GC Par New Collection Count,,0.0,,,true,0,0,0,0
1440159438245,0,GC Par New Collection Time,,0.0,,,true,0,0,0,0
1440159438246,0,GC Concurrent Mark Sweep Collection Count,,0.0,,,true,0,0,0,0
1440159438247,0,GC Concurrent Mark Sweep Collection Time,,0.0,,,true,0,0,0,0
1440159439253,0,GC Par New Collection Count,,0.0,,,true,0,0,0,0
1440159439254,0,GC Par New Collection Time,,0.0,,,true,0,0,0,0
1440159439255,0,GC Concurrent Mark Sweep Collection Count,,0.0,,,true,0,0,0,0
1440159439256,0,GC Concurrent Mark Sweep Collection Time,,0.0,,,true,0,0,0,0
1440159440262,0,GC Par New Collection Count,,0.0,,,true,0,0,0,0
1440159440263,0,GC Par New Collection Time,,0.0,,,true,0,0,0,0
1440159440264,0,GC Concurrent Mark Sweep Collection Count,,0.0,,,true,0,0,0,0
1440159440264,0,GC Concurrent Mark Sweep Collection Time,,0.0,,,true,0,0,0,0
1440159441270,0,GC Par New Collection Count,,0.0,,,true,0,0,0,0
1440159441271,0,GC Par New Collection Time,,0.0,,,true,0,0,0,0
1440159441272,0,GC Concurrent Mark Sweep Collection Count,,0.0,,,true,0,0,0,0
1440159441272,0,GC Concurrent Mark Sweep Collection Time,,0.0,,,true,0,0,0,0
1440159442279,0,GC Par New Collection Count,,0.0,,,true,0,0,0,0
1440159442280,0,GC Par New Collection Time,,0.0,,,true,0,0,0,0
1440159442281,0,GC Concurrent Mark Sweep Collection Count,,0.0,,,true,0,0,0,0
1440159442282,0,GC Concurrent Mark Sweep Collection Time,,0.0,,,true,0,0,0,0
1440159443287,0,GC Par New Collection Count,,0.0,,,true,0,0,0,0
1440159443287,0,GC Par New Collection Time,,0.0,,,true,0,0,0,0
1440159443288,0,GC Concurrent Mark Sweep Collection Count,,0.0,,,true,0,0,0,0
1440159443289,0,GC Concurrent Mark Sweep Collection Time,,0.0,,,true,0,0,0,0
1440159444295,0,GC Par New Collection Count,,0.0,,,true,0,0,0,0
1440159444296,0,GC Par New Collection Time,,0.0,,,true,0,0,0,0
1440159444297,0,GC Concurrent Mark Sweep Collection Count,,0.0,,,true,0,0,0,0
1440159444298,0,GC Concurrent Mark Sweep Collection Time,,0.0,,,true,0,0,0,0
1440159445304,0,GC Par New Collection Count,,0.0,,,true,0,0,0,0
1440159445305,0,GC Par New Collection Time,,0.0,,,true,0,0,0,0
1440159445305,0,GC Concurrent Mark Sweep Collection Count,,0.0,,,true,0,0,0,0
1440159445306,0,GC Concurrent Mark Sweep Collection Time,,0.0,,,true,0,0,0,0
1440159446312,0,GC Par New Collection Count,,0.0,,,true,0,0,0,0
1440159446313,0,GC Par New Collection Time,,0.0,,,true,0,0,0,0
1440159446314,0,GC Concurrent Mark Sweep Collection Count,,0.0,,,true,0,0,0,0
1440159446314,0,GC Concurrent Mark Sweep Collection Time,,0.0,,,true,0,0,0,0
1440159447320,0,GC Par New Collection Count,,0.0,,,true,0,0,0,0
1440159447321,0,GC Par New Collection Time,,0.0,,,true,0,0,0,0
1440159447323,0,GC Concurrent Mark Sweep Collection Count,,0.0,,,true,0,0,0,0
1440159447324,0,GC Concurrent Mark Sweep Collection Time,,0.0,,,true,0,0,0,0
1440159448329,0,GC Par New Collection Count,,0.0,,,true,0,0,0,0
1440159448331,0,GC Par New Collection Time,,0.0,,,true,0,0,0,0
1440159448332,0,GC Concurrent Mark Sweep Collection Count,,0.0,,,true,0,0,0,0
1440159448333,0,GC Concurrent Mark Sweep Collection Time,,0.0,,,true,0,0,0,0
1440159449339,0,GC Par New Collection Count,,0.0,,,true,0,0,0,0
1440159449340,0,GC Par New Collection Time,,0.0,,,true,0,0,0,0
1440159449342,0,GC Concurrent Mark Sweep Collection Count,,0.0,,,true,0,0,0,0
1440159449342,0,GC Concurrent Mark Sweep Collection Time,,0.0,,,true,0,0,0,0
1440159450351,0,GC Par New Collection Count,,0.0,,,true,0,0,0,0
1440159450353,0,GC Par New Collection Time,,0.0,,,true,0,0,0,0
1440159450354,0,GC Concurrent Mark Sweep Collection Count,,0.0,,,true,0,0,0,0
1440159450356,0,GC Concurrent Mark Sweep Collection Time,,0.0,,,true,0,0,0,0
1440159451362,0,GC Par New Collection Count,,0.0,,,true,0,0,0,0
1440159451363,0,GC Par New Collection Time,,0.0,,,true,0,0,0,0
1440159451364,0,GC Concurrent Mark Sweep Collection Count,,0.0,,,true,0,0,0,0
1440159451365,0,GC Concurrent Mark Sweep Collection Time,,0.0,,,true,0,0,0,0
1440159452372,0,GC Par New Collection Count,,0.0,,,true,0,0,0,0
1440159452373,0,GC Par New Collection Time,,0.0,,,true,0,0,0,0
1440159452375,0,GC Concurrent Mark Sweep Collection Count,,0.0,,,true,0,0,0,0
1440159452376,0,GC Concurrent Mark Sweep Collection Time,,0.0,,,true,0,0,0,0
1440159453382,0,GC Par New Collection Count,,0.0,,,true,0,0,0,0
1440159453384,0,GC Par New Collection Time,,0.0,,,true,0,0,0,0
1440159453384,0,GC Concurrent Mark Sweep Collection Count,,0.0,,,true,0,0,0,0
1440159453385,0,GC Concurrent Mark Sweep Collection Time,,0.0,,,true,0,0,0,0
1440159454390,0,GC Par New Collection Count,,0.0,,,true,0,0,0,0
1440159454391,0,GC Par New Collection Time,,0.0,,,true,0,0,0,0
1440159454391,0,GC Concurrent Mark Sweep Collection Count,,0.0,,,true,0,0,0,0
1440159454392,0,GC Concurrent Mark Sweep Collection Time,,0.0,,,true,0,0,0,0
1440159455399,0,GC Par New Collection Count,,0.0,,,true,0,0,0,0
1440159455400,0,GC Par New Collection Time,,0.0,,,true,0,0,0,0
1440159455401,0,GC Concurrent Mark Sweep Collection Count,,0.0,,,true,0,0,0,0
1440159455401,0,GC Concurrent Mark Sweep Collection Time,,0.0,,,true,0,0,0,0
1440159456407,0,GC Par New Collection Count,,0.0,,,true,0,0,0,0
1440159456408,0,GC Par New Collection Time,,0.0,,,true,0,0,0,0
1440159456409,0,GC Concurrent Mark Sweep Collection Count,,0.0,,,true,0,0,0,0
1440159456410,0,GC Concurrent Mark Sweep Collection Time,,0.0,,,true,0,0,0,0
1440159457415,0,GC Par New Collection Count,,0.0,,,true,0,0,0,0
1440159457417,0,GC Par New Collection Time,,0.0,,,true,0,0,0,0
1440159457417,0,GC Concurrent Mark Sweep Collection Count,,0.0,,,true,0,0,0,0
1440159457418,0,GC Concurrent Mark Sweep Collection Time,,0.0,,,true,0,0,0,0
1440159458424,0,GC Par New Collection Count,,0.0,,,true,0,0,0,0
1440159458425,0,GC Par New Collection Time,,0.0,,,true,0,0,0,0
1440159458426,0,GC Concurrent Mark Sweep Collection Count,,0.0,,,true,0,0,0,0
1440159458427,0,GC Concurrent Mark Sweep Collection Time,,0.0,,,true,0,0,0,0
1440159459430,0,GC Par New Collection Count,,0.0,,,true,0,0,0,0
1440159459431,0,GC Par New Collection Time,,0.0,,,true,0,0,0,0
1440159459432,0,GC Concurrent Mark Sweep Collection Count,,0.0,,,true,0,0,0,0
1440159459434,0,GC Concurrent Mark Sweep Collection Time,,0.0,,,true,0,0,0,0
1440159460440,0,GC Par New Collection Count,,0.0,,,true,0,0,0,0
1440159460441,0,GC Par New Collection Time,,0.0,,,true,0,0,0,0
1440159460442,0,GC Concurrent Mark Sweep Collection Count,,0.0,,,true,0,0,0,0
1440159460443,0,GC Concurrent Mark Sweep Collection Time,,0.0,,,true,0,0,0,0
1440159461448,0,GC Par New Collection Count,,0.0,,,true,0,0,0,0
1440159461449,0,GC Par New Collection Time,,0.0,,,true,0,0,0,0
1440159461450,0,GC Concurrent Mark Sweep Collection Count,,0.0,,,true,0,0,0,0
1440159461451,0,GC Concurrent Mark Sweep Collection Time,,0.0,,,true,0,0,0,0
1440159462457,0,GC Par New Collection Count,,0.0,,,true,0,0,0,0
1440159462474,0,GC Par New Collection Time,,0.0,,,true,0,0,0,0
1440159462475,0,GC Concurrent Mark Sweep Collection Count,,0.0,,,true,0,0,0,0
1440159462477,0,GC Concurrent Mark Sweep Collection Time,,0.0,,,true,0,0,0,0
1440159463483,0,GC Par New Collection Count,,0.0,,,true,0,0,0,0
1440159463484,0,GC Par New Collection Time,,0.0,,,true,0,0,0,0
1440159463484,0,GC Concurrent Mark Sweep Collection Count,,0.0,,,true,0,0,0,0
1440159463485,0,GC Concurrent Mark Sweep Collection Time,,0.0,,,true,0,0,0,0
1440159464491,0,GC Par New Collection Count,,0.0,,,true,0,0,0,0
1440159464492,0,GC Par New Collection Time,,0.0,,,true,0,0,0,0
1440159464494,0,GC Concurrent Mark Sweep Collection Count,,0.0,,,true,0,0,0,0
1440159464495,0,GC Concurrent Mark Sweep Collection Time,,0.0,,,true,0,0,0,0
1440159465499,0,GC Par New Collection Count,,0.0,,,true,0,0,0,0
1440159465500,0,GC Par New Collection Time,,0.0,,,true,0,0,0,0
1440159465501,0,GC Concurrent Mark Sweep Collection Count,,0.0,,,true,0,0,0,0
1440159465501,0,GC Concurrent Mark Sweep Collection Time,,0.0,,,true,0,0,0,0
1440159466508,0,GC Par New Collection Count,,0.0,,,true,0,0,0,0
1440159466508,0,GC Par New Collection Time,,0.0,,,true,0,0,0,0
1440159466509,0,GC Concurrent Mark Sweep Collection Count,,0.0,,,true,0,0,0,0
1440159466509,0,GC Concurrent Mark Sweep Collection Time,,0.0,,,true,0,0,0,0
1440159467515,0,GC Par New Collection Count,,0.0,,,true,0,0,0,0
1440159467516,0,GC Par New Collection Time,,0.0,,,true,0,0,0,0
1440159467517,0,GC Concurrent Mark Sweep Collection Count,,0.0,,,true,0,0,0,0
1440159467517,0,GC Concurrent Mark Sweep Collection Time,,0.0,,,true,0,0,0,0
1440159468523,0,GC Par New Collection Count,,0.0,,,true,0,0,0,0
1440159468524,0,GC Par New Collection Time,,0.0,,,true,0,0,0,0
1440159468524,0,GC Concurrent Mark Sweep Collection Count,,0.0,,,true,0,0,0,0
1440159468525,0,GC Concurrent Mark Sweep Collection Time,,0.0,,,true,0,0,0,0
1440159469531,0,GC Par New Collection Count,,0.0,,,true,0,0,0,0
1440159469532,0,GC Par New Collection Time,,0.0,,,true,0,0,0,0
1440159469533,0,GC Concurrent Mark Sweep Collection Count,,0.0,,,true,0,0,0,0
1440159469533,0,GC Concurrent Mark Sweep Collection Time,,0.0,,,true,0,0,0,0
1440159470538,0,GC Par New Collection Count,,0.0,,,true,0,0,0,0
1440159470539,0,GC Par New Collection Time,,0.0,,,true,0,0,0,0
1440159470539,0,GC Concurrent Mark Sweep Collection Count,,0.0,,,true,0,0,0,0
1440159470540,0,GC Concurrent Mark Sweep Collection Time,,0.0,,,true,0,0,0,0
1440159471548,0,GC Par New Collection Count,,0.0,,,true,0,0,0,0
1440159471550,0,GC Par New Collection Time,,0.0,,,true,0,0,0,0
1440159471550,0,GC Concurrent Mark Sweep Collection Count,,0.0,,,true,0,0,0,0
1440159471551,0,GC Concurrent Mark Sweep Collection Time,,0.0,,,true,0,0,0,0
1440159472554,0,GC Par New Collection Count,,0.0,,,true,0,0,0,0
1440159472555,0,GC Par New Collection Time,,0.0,,,true,0,0,0,0
1440159472556,0,GC Concurrent Mark Sweep Collection Count,,0.0,,,true,0,0,0,0
1440159472557,0,GC Concurrent Mark Sweep Collection Time,,0.0,,,true,0,0,0,0
1440159473562,0,GC Par New Collection Count,,0.0,,,true,0,0,0,0
1440159473563,0,GC Par New Collection Time,,0.0,,,true,0,0,0,0
1440159473564,0,GC Concurrent Mark Sweep Collection Count,,0.0,,,true,0,0,0,0
1440159473564,0,GC Concurrent Mark Sweep Collection Time,,0.0,,,true,0,0,0,0
1440159474568,0,GC Par New Collection Count,,0.0,,,true,0,0,0,0
1440159474570,0,GC Par New Collection Time,,0.0,,,true,0,0,0,0
1440159474571,0,GC Concurrent Mark Sweep Collection Count,,0.0,,,true,0,0,0,0
1440159474571,0,GC Concurrent Mark Sweep Collection Time,,0.0,,,true,0,0,0,0
1440159475578,0,GC Par New Collection Count,,0.0,,,true,0,0,0,0
1440159475579,0,GC Par New Collection Time,,0.0,,,true,0,0,0,0
1440159475580,0,GC Concurrent Mark Sweep Collection Count,,0.0,,,true,0,0,0,0
1440159475581,0,GC Concurrent Mark Sweep Collection Time,,0.0,,,true,0,0,0,0
1440159476590,0,GC Par New Collection Count,,0.0,,,true,0,0,0,0
1440159476592,0,GC Par New Collection Time,,0.0,,,true,0,0,0,0
1440159476593,0,GC Concurrent Mark Sweep Collection Count,,0.0,,,true,0,0,0,0
1440159476593,0,GC Concurrent Mark Sweep Collection Time,,0.0,,,true,0,0,0,0
1440159477600,0,GC Par New Collection Count,,0.0,,,true,0,0,0,0
1440159477601,0,GC Par New Collection Time,,0.0,,,true,0,0,0,0
1440159477602,0,GC Concurrent Mark Sweep Collection Count,,0.0,,,true,0,0,0,0
1440159477603,0,GC Concurrent Mark Sweep Collection Time,,0.0,,,true,0,0,0,0
1440159478608,0,GC Par New Collection Count,,0.0,,,true,0,0,0,0
1440159478609,0,GC Par New Collection Time,,0.0,,,true,0,0,0,0
1440159478609,0,GC Concurrent Mark Sweep Collection Count,,0.0,,,true,0,0,0,0
1440159478610,0,GC Concurrent Mark Sweep Collection Time,,0.0,,,true,0,0,0,0
1440164387188,0,GC Par New Collection Count,,0.0,,,true,0,0,0,0
1440164387189,0,GC Par New Collection Time,,0.0,,,true,0,0,0,0
1440164387190,0,GC Concurrent Mark Sweep Collection Count,,0.0,,,true,0,0,0,0
1440164387190,0,GC Concurrent Mark Sweep Collection Time,,0.0,,,true,0,0,0,0
1440164388196,0,GC Par New Collection Count,,0.0,,,true,0,0,0,0
1440164388197,0,GC Par New Collection Time,,0.0,,,true,0,0,0,0
1440164388198,0,GC Concurrent Mark Sweep Collection Count,,0.0,,,true,0,0,0,0
1440164388198,0,GC Concurrent Mark Sweep Collection Time,,0.0,,,true,0,0,0,0
1440164389205,0,GC Par New Collection Count,,0.0,,,true,0,0,0,0
1440164389205,0,GC Par New Collection Time,,0.0,,,true,0,0,0,0
1440164389206,0,GC Concurrent Mark Sweep Collection Count,,0.0,,,true,0,0,0,0
1440164389206,0,GC Concurrent Mark Sweep Collection Time,,0.0,,,true,0,0,0,0
1440164390212,0,GC Par New Collection Count,,0.0,,,true,0,0,0,0
1440164390213,0,GC Par New Collection Time,,0.0,,,true,0,0,0,0
1440164390214,0,GC Concurrent Mark Sweep Collection Count,,0.0,,,true,0,0,0,0
1440164390215,0,GC Concurrent Mark Sweep Collection Time,,0.0,,,true,0,0,0,0
1440164391220,0,GC Par New Collection Count,,0.0,,,true,0,0,0,0
1440164391221,0,GC Par New Collection Time,,0.0,,,true,0,0,0,0
1440164391222,0,GC Concurrent Mark Sweep Collection Count,,0.0,,,true,0,0,0,0
1440164391223,0,GC Concurrent Mark Sweep Collection Time,,0.0,,,true,0,0,0,0
1440164392228,0,GC Par New Collection Count,,0.0,,,true,0,0,0,0
1440164392229,0,GC Par New Collection Time,,0.0,,,true,0,0,0,0
1440164392230,0,GC Concurrent Mark Sweep Collection Count,,0.0,,,true,0,0,0,0
1440164392230,0,GC Concurrent Mark Sweep Collection Time,,0.0,,,true,0,0,0,0
1440164393236,0,GC Par New Collection Count,,0.0,,,true,0,0,0,0
1440164393237,0,GC Par New Collection Time,,0.0,,,true,0,0,0,0
1440164393238,0,GC Concurrent Mark Sweep Collection Count,,0.0,,,true,0,0,0,0
1440164393238,0,GC Concurrent Mark Sweep Collection Time,,0.0,,,true,0,0,0,0
1440164394244,0,GC Par New Collection Count,,0.0,,,true,0,0,0,0
1440164394245,0,GC Par New Collection Time,,0.0,,,true,0,0,0,0
1440164394245,0,GC Concurrent Mark Sweep Collection Count,,0.0,,,true,0,0,0,0
1440164394246,0,GC Concurrent Mark Sweep Collection Time,,0.0,,,true,0,0,0,0
1440164395251,0,GC Par New Collection Count,,0.0,,,true,0,0,0,0
1440164395252,0,GC Par New Collection Time,,0.0,,,true,0,0,0,0
1440164395253,0,GC Concurrent Mark Sweep Collection Count,,0.0,,,true,0,0,0,0
1440164395254,0,GC Concurrent Mark Sweep Collection Time,,0.0,,,true,0,0,0,0
1440164396259,0,GC Par New Collection Count,,0.0,,,true,0,0,0,0
1440164396261,0,GC Par New Collection Time,,0.0,,,true,0,0,0,0
1440164396262,0,GC Concurrent Mark Sweep Collection Count,,0.0,,,true,0,0,0,0
1440164396262,0,GC Concurrent Mark Sweep Collection Time,,0.0,,,true,0,0,0,0
1440164397268,0,GC Par New Collection Count,,0.0,,,true,0,0,0,0
1440164397269,0,GC Par New Collection Time,,0.0,,,true,0,0,0,0
1440164397270,0,GC Concurrent Mark Sweep Collection Count,,0.0,,,true,0,0,0,0
1440164397271,0,GC Concurrent Mark Sweep Collection Time,,0.0,,,true,0,0,0,0
1440164398276,0,GC Par New Collection Count,,0.0,,,true,0,0,0,0
1440164398277,0,GC Par New Collection Time,,0.0,,,true,0,0,0,0
1440164398278,0,GC Concurrent Mark Sweep Collection Count,,0.0,,,true,0,0,0,0
1440164398278,0,GC Concurrent Mark Sweep Collection Time,,0.0,,,true,0,0,0,0
1440164399285,0,GC Par New Collection Count,,0.0,,,true,0,0,0,0
1440164399286,0,GC Par New Collection Time,,0.0,,,true,0,0,0,0
1440164399286,0,GC Concurrent Mark Sweep Collection Count,,0.0,,,true,0,0,0,0
1440164399287,0,GC Concurrent Mark Sweep Collection Time,,0.0,,,true,0,0,0,0
1440164400292,0,GC Par New Collection Count,,0.0,,,true,0,0,0,0
1440164400293,0,GC Par New Collection Time,,0.0,,,true,0,0,0,0
1440164400294,0,GC Concurrent Mark Sweep Collection Count,,0.0,,,true,0,0,0,0
1440164400294,0,GC Concurrent Mark Sweep Collection Time,,0.0,,,true,0,0,0,0
1440164401300,0,GC Par New Collection Count,,0.0,,,true,0,0,0,0
1440164401301,0,GC Par New Collection Time,,0.0,,,true,0,0,0,0
1440164401302,0,GC Concurrent Mark Sweep Collection Count,,0.0,,,true,0,0,0,0
1440164401303,0,GC Concurrent Mark Sweep Collection Time,,0.0,,,true,0,0,0,0
1440164402309,0,GC Par New Collection Count,,0.0,,,true,0,0,0,0
1440164402311,0,GC Par New Collection Time,,0.0,,,true,0,0,0,0
1440164402312,0,GC Concurrent Mark Sweep Collection Count,,0.0,,,true,0,0,0,0
1440164402312,0,GC Concurrent Mark Sweep Collection Time,,0.0,,,true,0,0,0,0
1440164403318,0,GC Par New Collection Count,,0.0,,,true,0,0,0,0
1440164403319,0,GC Par New Collection Time,,0.0,,,true,0,0,0,0
1440164403320,0,GC Concurrent Mark Sweep Collection Count,,0.0,,,true,0,0,0,0
1440164403321,0,GC Concurrent Mark Sweep Collection Time,,0.0,,,true,0,0,0,0
1440164404327,0,GC Par New Collection Count,,0.0,,,true,0,0,0,0
1440164404328,0,GC Par New Collection Time,,0.0,,,true,0,0,0,0
1440164404329,0,GC Concurrent Mark Sweep Collection Count,,0.0,,,true,0,0,0,0
1440164404330,0,GC Concurrent Mark Sweep Collection Time,,0.0,,,true,0,0,0,0
1440164405334,0,GC Par New Collection Count,,0.0,,,true,0,0,0,0
1440164405336,0,GC Par New Collection Time,,0.0,,,true,0,0,0,0
1440164405337,0,GC Concurrent Mark Sweep Collection Count,,0.0,,,true,0,0,0,0
1440164405338,0,GC Concurrent Mark Sweep Collection Time,,0.0,,,true,0,0,0,0
1440164406343,0,GC Par New Collection Count,,0.0,,,true,0,0,0,0
1440164406345,0,GC Par New Collection Time,,0.0,,,true,0,0,0,0
1440164406345,0,GC Concurrent Mark Sweep Collection Count,,0.0,,,true,0,0,0,0
1440164406346,0,GC Concurrent Mark Sweep Collection Time,,0.0,,,true,0,0,0,0
1440164407350,0,GC Par New Collection Count,,0.0,,,true,0,0,0,0
1440164407351,0,GC Par New Collection Time,,0.0,,,true,0,0,0,0
1440164407352,0,GC Concurrent Mark Sweep Collection Count,,0.0,,,true,0,0,0,0
1440164407353,0,GC Concurrent Mark Sweep Collection Time,,0.0,,,true,0,0,0,0
1440164408358,0,GC Par New Collection Count,,0.0,,,true,0,0,0,0
1440164408360,0,GC Par New Collection Time,,0.0,,,true,0,0,0,0
1440164408361,0,GC Concurrent Mark Sweep Collection Count,,0.0,,,true,0,0,0,0
1440164408362,0,GC Concurrent Mark Sweep Collection Time,,0.0,,,true,0,0,0,0
1440164409365,0,GC Par New Collection Count,,0.0,,,true,0,0,0,0
1440164409366,0,GC Par New Collection Time,,0.0,,,true,0,0,0,0
1440164409367,0,GC Concurrent Mark Sweep Collection Count,,0.0,,,true,0,0,0,0
1440164409367,0,GC Concurrent Mark Sweep Collection Time,,0.0,,,true,0,0,0,0
1440164410372,0,GC Par New Collection Count,,0.0,,,true,0,0,0,0
1440164410373,0,GC Par New Collection Time,,0.0,,,true,0,0,0,0
1440164410374,0,GC Concurrent Mark Sweep Collection Count,,0.0,,,true,0,0,0,0
1440164410374,0,GC Concurrent Mark Sweep Collection Time,,0.0,,,true,0,0,0,0
1440164411379,0,GC Par New Collection Count,,0.0,,,true,0,0,0,0
1440164411381,0,GC Par New Collection Time,,0.0,,,true,0,0,0,0
1440164411382,0,GC Concurrent Mark Sweep Collection Count,,0.0,,,true,0,0,0,0
1440164411382,0,GC Concurrent Mark Sweep Collection Time,,0.0,,,true,0,0,0,0
1440164412388,0,GC Par New Collection Count,,0.0,,,true,0,0,0,0
1440164412388,0,GC Par New Collection Time,,0.0,,,true,0,0,0,0
1440164412389,0,GC Concurrent Mark Sweep Collection Count,,0.0,,,true,0,0,0,0
1440164412390,0,GC Concurrent Mark Sweep Collection Time,,0.0,,,true,0,0,0,0
1440164413393,0,GC Par New Collection Count,,0.0,,,true,0,0,0,0
1440164413394,0,GC Par New Collection Time,,0.0,,,true,0,0,0,0
1440164413395,0,GC Concurrent Mark Sweep Collection Count,,0.0,,,true,0,0,0,0
1440164413396,0,GC Concurrent Mark Sweep Collection Time,,0.0,,,true,0,0,0,0
1440164414402,0,GC Par New Collection Count,,0.0,,,true,0,0,0,0
1440164414403,0,GC Par New Collection Time,,0.0,,,true,0,0,0,0
1440164414404,0,GC Concurrent Mark Sweep Collection Count,,0.0,,,true,0,0,0,0
1440164414405,0,GC Concurrent Mark Sweep Collection Time,,0.0,,,true,0,0,0,0
1440164415409,0,GC Par New Collection Count,,0.0,,,true,0,0,0,0
1440164415410,0,GC Par New Collection Time,,0.0,,,true,0,0,0,0
1440164415411,0,GC Concurrent Mark Sweep Collection Count,,0.0,,,true,0,0,0,0
1440164415411,0,GC Concurrent Mark Sweep Collection Time,,0.0,,,true,0,0,0,0
1440164416417,0,GC Par New Collection Count,,0.0,,,true,0,0,0,0
1440164416418,0,GC Par New Collection Time,,0.0,,,true,0,0,0,0
1440164416419,0,GC Concurrent Mark Sweep Collection Count,,0.0,,,true,0,0,0,0
1440164416419,0,GC Concurrent Mark Sweep Collection Time,,0.0,,,true,0,0,0,0
1440164417424,0,GC Par New Collection Count,,0.0,,,true,0,0,0,0
1440164417425,0,GC Par New Collection Time,,0.0,,,true,0,0,0,0
1440164417425,0,GC Concurrent Mark Sweep Collection Count,,0.0,,,true,0,0,0,0
1440164417426,0,GC Concurrent Mark Sweep Collection Time,,0.0,,,true,0,0,0,0
1440164418430,0,GC Par New Collection Count,,0.0,,,true,0,0,0,0
1440164418431,0,GC Par New Collection Time,,0.0,,,true,0,0,0,0
1440164418432,0,GC Concurrent Mark Sweep Collection Count,,0.0,,,true,0,0,0,0
1440164418432,0,GC Concurrent Mark Sweep Collection Time,,0.0,,,true,0,0,0,0
1440164419435,0,GC Par New Collection Count,,0.0,,,true,0,0,0,0
1440164419436,0,GC Par New Collection Time,,0.0,,,true,0,0,0,0
1440164419437,0,GC Concurrent Mark Sweep Collection Count,,0.0,,,true,0,0,0,0
1440164419437,0,GC Concurrent Mark Sweep Collection Time,,0.0,,,true,0,0,0,0
1440164420441,0,GC Par New Collection Count,,0.0,,,true,0,0,0,0
1440164420441,0,GC Par New Collection Time,,0.0,,,true,0,0,0,0
1440164420442,0,GC Concurrent Mark Sweep Collection Count,,0.0,,,true,0,0,0,0
1440164420443,0,GC Concurrent Mark Sweep Collection Time,,0.0,,,true,0,0,0,0
1440164421449,0,GC Par New Collection Count,,0.0,,,true,0,0,0,0
1440164421450,0,GC Par New Collection Time,,0.0,,,true,0,0,0,0
1440164421451,0,GC Concurrent Mark Sweep Collection Count,,0.0,,,true,0,0,0,0
1440164421452,0,GC Concurrent Mark Sweep Collection Time,,0.0,,,true,0,0,0,0
1440164422457,0,GC Par New Collection Count,,0.0,,,true,0,0,0,0
1440164422458,0,GC Par New Collection Time,,0.0,,,true,0,0,0,0
1440164422459,0,GC Concurrent Mark Sweep Collection Count,,0.0,,,true,0,0,0,0
1440164422460,0,GC Concurrent Mark Sweep Collection Time,,0.0,,,true,0,0,0,0
1440164423465,0,GC Par New Collection Count,,0.0,,,true,0,0,0,0
1440164423466,0,GC Par New Collection Time,,0.0,,,true,0,0,0,0
1440164423467,0,GC Concurrent Mark Sweep Collection Count,,0.0,,,true,0,0,0,0
1440164423468,0,GC Concurrent Mark Sweep Collection Time,,0.0,,,true,0,0,0,0
1440164424474,0,GC Par New Collection Count,,0.0,,,true,0,0,0,0
1440164424474,0,GC Par New Collection Time,,0.0,,,true,0,0,0,0
1440164424475,0,GC Concurrent Mark Sweep Collection Count,,0.0,,,true,0,0,0,0
1440164424475,0,GC Concurrent Mark Sweep Collection Time,,0.0,,,true,0,0,0,0
1440164425480,0,GC Par New Collection Count,,0.0,,,true,0,0,0,0
1440164425481,0,GC Par New Collection Time,,0.0,,,true,0,0,0,0
1440164425482,0,GC Concurrent Mark Sweep Collection Count,,0.0,,,true,0,0,0,0
1440164425482,0,GC Concurrent Mark Sweep Collection Time,,0.0,,,true,0,0,0,0
1440164426486,0,GC Par New Collection Count,,0.0,,,true,0,0,0,0
1440164426487,0,GC Par New Collection Time,,0.0,,,true,0,0,0,0
1440164426488,0,GC Concurrent Mark Sweep Collection Count,,0.0,,,true,0,0,0,0
1440164426488,0,GC Concurrent Mark Sweep Collection Time,,0.0,,,true,0,0,0,0
1440164427494,0,GC Par New Collection Count,,0.0,,,true,0,0,0,0
1440164427495,0,GC Par New Collection Time,,0.0,,,true,0,0,0,0
1440164427496,0,GC Concurrent Mark Sweep Collection Count,,0.0,,,true,0,0,0,0
1440164427497,0,GC Concurrent Mark Sweep Collection Time,,0.0,,,true,0,0,0,0
1440164428502,0,GC Par New Collection Count,,0.0,,,true,0,0,0,0
1440164428503,0,GC Par New Collection Time,,0.0,,,true,0,0,0,0
1440164428504,0,GC Concurrent Mark Sweep Collection Count,,0.0,,,true,0,0,0,0
1440164428504,0,GC Concurrent Mark Sweep Collection Time,,0.0,,,true,0,0,0,0
1440164429509,0,GC Par New Collection Count,,0.0,,,true,0,0,0,0
1440164429510,0,GC Par New Collection Time,,0.0,,,true,0,0,0,0
1440164429511,0,GC Concurrent Mark Sweep Collection Count,,0.0,,,true,0,0,0,0
1440164429511,0,GC Concurrent Mark Sweep Collection Time,,0.0,,,true,0,0,0,0
1440164430517,0,GC Par New Collection Count,,0.0,,,true,0,0,0,0
1440164430518,0,GC Par New Collection Time,,0.0,,,true,0,0,0,0
1440164430519,0,GC Concurrent Mark Sweep Collection Count,,0.0,,,true,0,0,0,0
1440164430519,0,GC Concurrent Mark Sweep Collection Time,,0.0,,,true,0,0,0,0
1440164431525,0,GC Par New Collection Count,,0.0,,,true,0,0,0,0
1440164431526,0,GC Par New Collection Time,,0.0,,,true,0,0,0,0
1440164431526,0,GC Concurrent Mark Sweep Collection Count,,0.0,,,true,0,0,0,0
1440164431527,0,GC Concurrent Mark Sweep Collection Time,,0.0,,,true,0,0,0,0
1440164432532,0,GC Par New Collection Count,,0.0,,,true,0,0,0,0
1440164432533,0,GC Par New Collection Time,,0.0,,,true,0,0,0,0
1440164432534,0,GC Concurrent Mark Sweep Collection Count,,0.0,,,true,0,0,0,0
1440164432534,0,GC Concurrent Mark Sweep Collection Time,,0.0,,,true,0,0,0,0
1440164433538,0,GC Par New Collection Count,,0.0,,,true,0,0,0,0
1440164433539,0,GC Par New Collection Time,,0.0,,,true,0,0,0,0
1440164433540,0,GC Concurrent Mark Sweep Collection Count,,0.0,,,true,0,0,0,0
1440164433541,0,GC Concurrent Mark Sweep Collection Time,,0.0,,,true,0,0,0,0
1440164434546,0,GC Par New Collection Count,,0.0,,,true,0,0,0,0
1440164434547,0,GC Par New Collection Time,,0.0,,,true,0,0,0,0
1440164434548,0,GC Concurrent Mark Sweep Collection Count,,0.0,,,true,0,0,0,0
1440164434549,0,GC Concurrent Mark Sweep Collection Time,,0.0,,,true,0,0,0,0
1440164435555,0,GC Par New Collection Count,,0.0,,,true,0,0,0,0
1440164435556,0,GC Par New Collection Time,,0.0,,,true,0,0,0,0
1440164435557,0,GC Concurrent Mark Sweep Collection Count,,0.0,,,true,0,0,0,0
1440164435557,0,GC Concurrent Mark Sweep Collection Time,,0.0,,,true,0,0,0,0
1440164436562,0,GC Par New Collection Count,,0.0,,,true,0,0,0,0
1440164436563,0,GC Par New Collection Time,,0.0,,,true,0,0,0,0
1440164436564,0,GC Concurrent Mark Sweep Collection Count,,0.0,,,true,0,0,0,0
1440164436564,0,GC Concurrent Mark Sweep Collection Time,,0.0,,,true,0,0,0,0
1440164437570,0,GC Par New Collection Count,,0.0,,,true,0,0,0,0
1440164437571,0,GC Par New Collection Time,,0.0,,,true,0,0,0,0
1440164437572,0,GC Concurrent Mark Sweep Collection Count,,0.0,,,true,0,0,0,0
1440164437572,0,GC Concurrent Mark Sweep Collection Time,,0.0,,,true,0,0,0,0
1440164438575,0,GC Par New Collection Count,,0.0,,,true,0,0,0,0
1440164438576,0,GC Par New Collection Time,,0.0,,,true,0,0,0,0
1440164438577,0,GC Concurrent Mark Sweep Collection Count,,0.0,,,true,0,0,0,0
1440164438578,0,GC Concurrent Mark Sweep Collection Time,,0.0,,,true,0,0,0,0
1440164439582,0,GC Par New Collection Count,,0.0,,,true,0,0,0,0
1440164439583,0,GC Par New Collection Time,,0.0,,,true,0,0,0,0
1440164439584,0,GC Concurrent Mark Sweep Collection Count,,0.0,,,true,0,0,0,0
1440164439585,0,GC Concurrent Mark Sweep Collection Time,,0.0,,,true,0,0,0,0
1440164440589,0,GC Par New Collection Count,,0.0,,,true,0,0,0,0
1440164440590,0,GC Par New Collection Time,,0.0,,,true,0,0,0,0
1440164440590,0,GC Concurrent Mark Sweep Collection Count,,0.0,,,true,0,0,0,0
1440164440591,0,GC Concurrent Mark Sweep Collection Time,,0.0,,,true,0,0,0,0
1440164441596,0,GC Par New Collection Count,,0.0,,,true,0,0,0,0
1440164441598,0,GC Par New Collection Time,,0.0,,,true,0,0,0,0
1440164441599,0,GC Concurrent Mark Sweep Collection Count,,0.0,,,true,0,0,0,0
1440164441602,0,GC Concurrent Mark Sweep Collection Time,,0.0,,,true,0,0,0,0
1440164442608,0,GC Par New Collection Count,,0.0,,,true,0,0,0,0
1440164442609,0,GC Par New Collection Time,,0.0,,,true,0,0,0,0
1440164442610,0,GC Concurrent Mark Sweep Collection Count,,0.0,,,true,0,0,0,0
1440164442610,0,GC Concurrent Mark Sweep Collection Time,,0.0,,,true,0,0,0,0
1440164443616,0,GC Par New Collection Count,,0.0,,,true,0,0,0,0
1440164443617,0,GC Par New Collection Time,,0.0,,,true,0,0,0,0
1440164443618,0,GC Concurrent Mark Sweep Collection Count,,0.0,,,true,0,0,0,0
1440164443618,0,GC Concurrent Mark Sweep Collection Time,,0.0,,,true,0,0,0,0
1440164444624,0,GC Par New Collection Count,,0.0,,,true,0,0,0,0
1440164444625,0,GC Par New Collection Time,,0.0,,,true,0,0,0,0
1440164444626,0,GC Concurrent Mark Sweep Collection Count,,0.0,,,true,0,0,0,0
1440164444626,0,GC Concurrent Mark Sweep Collection Time,,0.0,,,true,0,0,0,0
1440164445632,0,GC Par New Collection Count,,0.0,,,true,0,0,0,0
1440164445633,0,GC Par New Collection Time,,0.0,,,true,0,0,0,0
1440164445635,0,GC Concurrent Mark Sweep Collection Count,,0.0,,,true,0,0,0,0
1440164445635,0,GC Concurrent Mark Sweep Collection Time,,0.0,,,true,0,0,0,0
1440164446638,0,GC Par New Collection Count,,0.0,,,true,0,0,0,0
1440164446639,0,GC Par New Collection Time,,0.0,,,true,0,0,0,0
1440164446639,0,GC Concurrent Mark Sweep Collection Count,,0.0,,,true,0,0,0,0
1440164446640,0,GC Concurrent Mark Sweep Collection Time,,0.0,,,true,0,0,0,0
1440164447645,0,GC Par New Collection Count,,0.0,,,true,0,0,0,0
1440164447646,0,GC Par New Collection Time,,0.0,,,true,0,0,0,0
1440164447647,0,GC Concurrent Mark Sweep Collection Count,,0.0,,,true,0,0,0,0
1440164447647,0,GC Concurrent Mark Sweep Collection Time,,0.0,,,true,0,0,0,0
1440164448652,0,GC Par New Collection Count,,0.0,,,true,0,0,0,0
1440164448653,0,GC Par New Collection Time,,0.0,,,true,0,0,0,0
1440164448654,0,GC Concurrent Mark Sweep Collection Count,,0.0,,,true,0,0,0,0
1440164448655,0,GC Concurrent Mark Sweep Collection Time,,0.0,,,true,0,0,0,0
1440164449658,0,GC Par New Collection Count,,0.0,,,true,0,0,0,0
1440164449658,0,GC Par New Collection Time,,0.0,,,true,0,0,0,0
1440164449659,0,GC Concurrent Mark Sweep Collection Count,,0.0,,,true,0,0,0,0
1440164449660,0,GC Concurrent Mark Sweep Collection Time,,0.0,,,true,0,0,0,0
1440164450665,0,GC Par New Collection Count,,0.0,,,true,0,0,0,0
1440164450666,0,GC Par New Collection Time,,0.0,,,true,0,0,0,0
1440164450666,0,GC Concurrent Mark Sweep Collection Count,,0.0,,,true,0,0,0,0
1440164450667,0,GC Concurrent Mark Sweep Collection Time,,0.0,,,true,0,0,0,0
1440164451672,0,GC Par New Collection Count,,0.0,,,true,0,0,0,0
1440164451673,0,GC Par New Collection Time,,0.0,,,true,0,0,0,0
1440164451674,0,GC Concurrent Mark Sweep Collection Count,,0.0,,,true,0,0,0,0
1440164451674,0,GC Concurrent Mark Sweep Collection Time,,0.0,,,true,0,0,0,0
1440164452678,0,GC Par New Collection Count,,0.0,,,true,0,0,0,0
1440164452679,0,GC Par New Collection Time,,0.0,,,true,0,0,0,0
1440164452680,0,GC Concurrent Mark Sweep Collection Count,,0.0,,,true,0,0,0,0
1440164452681,0,GC Concurrent Mark Sweep Collection Time,,0.0,,,true,0,0,0,0
1440164453686,0,GC Par New Collection Count,,0.0,,,true,0,0,0,0
1440164453686,0,GC Par New Collection Time,,0.0,,,true,0,0,0,0
1440164453687,0,GC Concurrent Mark Sweep Collection Count,,0.0,,,true,0,0,0,0
1440164453688,0,GC Concurrent Mark Sweep Collection Time,,0.0,,,true,0,0,0,0
1440164454693,0,GC Par New Collection Count,,0.0,,,true,0,0,0,0
1440164454694,0,GC Par New Collection Time,,0.0,,,true,0,0,0,0
1440164454695,0,GC Concurrent Mark Sweep Collection Count,,0.0,,,true,0,0,0,0
1440164454695,0,GC Concurrent Mark Sweep Collection Time,,0.0,,,true,0,0,0,0
1440164455700,0,GC Par New Collection Count,,0.0,,,true,0,0,0,0
1440164455701,0,GC Par New Collection Time,,0.0,,,true,0,0,0,0
1440164455701,0,GC Concurrent Mark Sweep Collection Count,,0.0,,,true,0,0,0,0
1440164455702,0,GC Concurrent Mark Sweep Collection Time,,0.0,,,true,0,0,0,0
1440164456706,0,GC Par New Collection Count,,0.0,,,true,0,0,0,0
1440164456707,0,GC Par New Collection Time,,0.0,,,true,0,0,0,0
1440164456708,0,GC Concurrent Mark Sweep Collection Count,,0.0,,,true,0,0,0,0
1440164456709,0,GC Concurrent Mark Sweep Collection Time,,0.0,,,true,0,0,0,0
1440164457714,0,GC Par New Collection Count,,0.0,,,true,0,0,0,0
1440164457715,0,GC Par New Collection Time,,0.0,,,true,0,0,0,0
1440164457716,0,GC Concurrent Mark Sweep Collection Count,,0.0,,,true,0,0,0,0
1440164457716,0,GC Concurrent Mark Sweep Collection Time,,0.0,,,true,0,0,0,0
1440164458722,0,GC Par New Collection Count,,0.0,,,true,0,0,0,0
1440164458723,0,GC Par New Collection Time,,0.0,,,true,0,0,0,0
1440164458723,0,GC Concurrent Mark Sweep Collection Count,,0.0,,,true,0,0,0,0
1440164458724,0,GC Concurrent Mark Sweep Collection Time,,0.0,,,true,0,0,0,0
1440164459729,0,GC Par New Collection Count,,0.0,,,true,0,0,0,0
1440164459730,0,GC Par New Collection Time,,0.0,,,true,0,0,0,0
1440164459731,0,GC Concurrent Mark Sweep Collection Count,,0.0,,,true,0,0,0,0
1440164459731,0,GC Concurrent Mark Sweep Collection Time,,0.0,,,true,0,0,0,0
1440164460737,0,GC Par New Collection Count,,1.0,,,true,0,0,0,0
1440164460738,0,GC Par New Collection Time,,26.0,,,true,0,0,0,0
1440164460739,0,GC Concurrent Mark Sweep Collection Count,,0.0,,,true,0,0,0,0
1440164460739,0,GC Concurrent Mark Sweep Collection Time,,0.0,,,true,0,0,0,0
1440164461744,0,GC Par New Collection Count,,0.0,,,true,0,0,0,0
1440164461745,0,GC Par New Collection Time,,0.0,,,true,0,0,0,0
1440164461745,0,GC Concurrent Mark Sweep Collection Count,,0.0,,,true,0,0,0,0
1440164461746,0,GC Concurrent Mark Sweep Collection Time,,0.0,,,true,0,0,0,0
1440164462752,0,GC Par New Collection Count,,0.0,,,true,0,0,0,0
1440164462752,0,GC Par New Collection Time,,0.0,,,true,0,0,0,0
1440164462753,0,GC Concurrent Mark Sweep Collection Count,,0.0,,,true,0,0,0,0
1440164462754,0,GC Concurrent Mark Sweep Collection Time,,0.0,,,true,0,0,0,0
1440164463762,0,GC Par New Collection Count,,0.0,,,true,0,0,0,0
1440164463763,0,GC Par New Collection Time,,0.0,,,true,0,0,0,0
1440164463764,0,GC Concurrent Mark Sweep Collection Count,,0.0,,,true,0,0,0,0
1440164463765,0,GC Concurrent Mark Sweep Collection Time,,0.0,,,true,0,0,0,0
1440164464771,0,GC Par New Collection Count,,0.0,,,true,0,0,0,0
1440164464772,0,GC Par New Collection Time,,0.0,,,true,0,0,0,0
1440164464773,0,GC Concurrent Mark Sweep Collection Count,,0.0,,,true,0,0,0,0
1440164464774,0,GC Concurrent Mark Sweep Collection Time,,0.0,,,true,0,0,0,0
1440164465779,0,GC Par New Collection Count,,0.0,,,true,0,0,0,0
1440164465780,0,GC Par New Collection Time,,0.0,,,true,0,0,0,0
1440164465781,0,GC Concurrent Mark Sweep Collection Count,,0.0,,,true,0,0,0,0
1440164465781,0,GC Concurrent Mark Sweep Collection Time,,0.0,,,true,0,0,0,0
1440164466787,0,GC Par New Collection Count,,0.0,,,true,0,0,0,0
1440164466788,0,GC Par New Collection Time,,0.0,,,true,0,0,0,0
1440164466789,0,GC Concurrent Mark Sweep Collection Count,,0.0,,,true,0,0,0,0
1440164466790,0,GC Concurrent Mark Sweep Collection Time,,0.0,,,true,0,0,0,0
1440164467792,0,GC Par New Collection Count,,0.0,,,true,0,0,0,0
1440164467793,0,GC Par New Collection Time,,0.0,,,true,0,0,0,0
1440164467793,0,GC Concurrent Mark Sweep Collection Count,,0.0,,,true,0,0,0,0
1440164467794,0,GC Concurrent Mark Sweep Collection Time,,0.0,,,true,0,0,0,0
1440164468800,0,GC Par New Collection Count,,0.0,,,true,0,0,0,0
1440164468800,0,GC Par New Collection Time,,0.0,,,true,0,0,0,0
1440164468801,0,GC Concurrent Mark Sweep Collection Count,,0.0,,,true,0,0,0,0
1440164468802,0,GC Concurrent Mark Sweep Collection Time,,0.0,,,true,0,0,0,0
1440164469806,0,GC Par New Collection Count,,0.0,,,true,0,0,0,0
1440164469807,0,GC Par New Collection Time,,0.0,,,true,0,0,0,0
1440164469808,0,GC Concurrent Mark Sweep Collection Count,,0.0,,,true,0,0,0,0
1440164469809,0,GC Concurrent Mark Sweep Collection Time,,0.0,,,true,0,0,0,0
1440164470814,0,GC Par New Collection Count,,0.0,,,true,0,0,0,0
1440164470814,0,GC Par New Collection Time,,0.0,,,true,0,0,0,0
1440164470815,0,GC Concurrent Mark Sweep Collection Count,,0.0,,,true,0,0,0,0
1440164470816,0,GC Concurrent Mark Sweep Collection Time,,0.0,,,true,0,0,0,0
1440164471822,0,GC Par New Collection Count,,0.0,,,true,0,0,0,0
1440164471823,0,GC Par New Collection Time,,0.0,,,true,0,0,0,0
1440164471823,0,GC Concurrent Mark Sweep Collection Count,,0.0,,,true,0,0,0,0
1440164471824,0,GC Concurrent Mark Sweep Collection Time,,0.0,,,true,0,0,0,0
1440164472830,0,GC Par New Collection Count,,0.0,,,true,0,0,0,0
1440164472831,0,GC Par New Collection Time,,0.0,,,true,0,0,0,0
1440164472832,0,GC Concurrent Mark Sweep Collection Count,,0.0,,,true,0,0,0,0
1440164472833,0,GC Concurrent Mark Sweep Collection Time,,0.0,,,true,0,0,0,0
1440164473838,0,GC Par New Collection Count,,0.0,,,true,0,0,0,0
1440164473839,0,GC Par New Collection Time,,0.0,,,true,0,0,0,0
1440164473840,0,GC Concurrent Mark Sweep Collection Count,,0.0,,,true,0,0,0,0
1440164473841,0,GC Concurrent Mark Sweep Collection Time,,0.0,,,true,0,0,0,0
1440164474846,0,GC Par New Collection Count,,0.0,,,true,0,0,0,0
1440164474846,0,GC Par New Collection Time,,0.0,,,true,0,0,0,0
1440164474847,0,GC Concurrent Mark Sweep Collection Count,,0.0,,,true,0,0,0,0
1440164474848,0,GC Concurrent Mark Sweep Collection Time,,0.0,,,true,0,0,0,0
1440164475854,0,GC Par New Collection Count,,0.0,,,true,0,0,0,0
1440164475855,0,GC Par New Collection Time,,0.0,,,true,0,0,0,0
1440164475856,0,GC Concurrent Mark Sweep Collection Count,,0.0,,,true,0,0,0,0
1440164475857,0,GC Concurrent Mark Sweep Collection Time,,0.0,,,true,0,0,0,0
1440164476862,0,GC Par New Collection Count,,0.0,,,true,0,0,0,0
1440164476863,0,GC Par New Collection Time,,0.0,,,true,0,0,0,0
1440164476864,0,GC Concurrent Mark Sweep Collection Count,,0.0,,,true,0,0,0,0
1440164476864,0,GC Concurrent Mark Sweep Collection Time,,0.0,,,true,0,0,0,0
1440164477869,0,GC Par New Collection Count,,0.0,,,true,0,0,0,0
1440164477870,0,GC Par New Collection Time,,0.0,,,true,0,0,0,0
1440164477871,0,GC Concurrent Mark Sweep Collection Count,,0.0,,,true,0,0,0,0
1440164477871,0,GC Concurrent Mark Sweep Collection Time,,0.0,,,true,0,0,0,0
1440164478878,0,GC Par New Collection Count,,0.0,,,true,0,0,0,0
1440164478878,0,GC Par New Collection Time,,0.0,,,true,0,0,0,0
1440164478879,0,GC Concurrent Mark Sweep Collection Count,,0.0,,,true,0,0,0,0
1440164478880,0,GC Concurrent Mark Sweep Collection Time,,0.0,,,true,0,0,0,0
1440164479886,0,GC Par New Collection Count,,0.0,,,true,0,0,0,0
1440164479887,0,GC Par New Collection Time,,0.0,,,true,0,0,0,0
1440164479888,0,GC Concurrent Mark Sweep Collection Count,,0.0,,,true,0,0,0,0
1440164479889,0,GC Concurrent Mark Sweep Collection Time,,0.0,,,true,0,0,0,0
1440164480892,0,GC Par New Collection Count,,0.0,,,true,0,0,0,0
1440164480893,0,GC Par New Collection Time,,0.0,,,true,0,0,0,0
1440164480894,0,GC Concurrent Mark Sweep Collection Count,,0.0,,,true,0,0,0,0
1440164480895,0,GC Concurrent Mark Sweep Collection Time,,0.0,,,true,0,0,0,0
1440164481900,0,GC Par New Collection Count,,0.0,,,true,0,0,0,0
1440164481901,0,GC Par New Collection Time,,0.0,,,true,0,0,0,0
1440164481902,0,GC Concurrent Mark Sweep Collection Count,,0.0,,,true,0,0,0,0
1440164481902,0,GC Concurrent Mark Sweep Collection Time,,0.0,,,true,0,0,0,0
1440164482905,0,GC Par New Collection Count,,0.0,,,true,0,0,0,0
1440164482906,0,GC Par New Collection Time,,0.0,,,true,0,0,0,0
1440164482907,0,GC Concurrent Mark Sweep Collection Count,,0.0,,,true,0,0,0,0
1440164482907,0,GC Concurrent Mark Sweep Collection Time,,0.0,,,true,0,0,0,0
1440164483913,0,GC Par New Collection Count,,0.0,,,true,0,0,0,0
1440164483914,0,GC Par New Collection Time,,0.0,,,true,0,0,0,0
1440164483914,0,GC Concurrent Mark Sweep Collection Count,,0.0,,,true,0,0,0,0
1440164483915,0,GC Concurrent Mark Sweep Collection Time,,0.0,,,true,0,0,0,0
1440164484921,0,GC Par New Collection Count,,0.0,,,true,0,0,0,0
1440164484922,0,GC Par New Collection Time,,0.0,,,true,0,0,0,0
1440164484923,0,GC Concurrent Mark Sweep Collection Count,,0.0,,,true,0,0,0,0
1440164484924,0,GC Concurrent Mark Sweep Collection Time,,0.0,,,true,0,0,0,0
1440164485928,0,GC Par New Collection Count,,0.0,,,true,0,0,0,0
1440164485929,0,GC Par New Collection Time,,0.0,,,true,0,0,0,0
1440164485930,0,GC Concurrent Mark Sweep Collection Count,,0.0,,,true,0,0,0,0
1440164485930,0,GC Concurrent Mark Sweep Collection Time,,0.0,,,true,0,0,0,0
1440164486933,0,GC Par New Collection Count,,0.0,,,true,0,0,0,0
1440164486934,0,GC Par New Collection Time,,0.0,,,true,0,0,0,0
1440164486934,0,GC Concurrent Mark Sweep Collection Count,,0.0,,,true,0,0,0,0
1440164486935,0,GC Concurrent Mark Sweep Collection Time,,0.0,,,true,0,0,0,0
1440164487940,0,GC Par New Collection Count,,0.0,,,true,0,0,0,0
1440164487943,0,GC Par New Collection Time,,0.0,,,true,0,0,0,0
1440164487943,0,GC Concurrent Mark Sweep Collection Count,,0.0,,,true,0,0,0,0
1440164487944,0,GC Concurrent Mark Sweep Collection Time,,0.0,,,true,0,0,0,0
1440164488949,0,GC Par New Collection Count,,0.0,,,true,0,0,0,0
1440164488951,0,GC Par New Collection Time,,0.0,,,true,0,0,0,0
1440164488953,0,GC Concurrent Mark Sweep Collection Count,,0.0,,,true,0,0,0,0
1440164488953,0,GC Concurrent Mark Sweep Collection Time,,0.0,,,true,0,0,0,0
1440164489959,0,GC Par New Collection Count,,0.0,,,true,0,0,0,0
1440164489960,0,GC Par New Collection Time,,0.0,,,true,0,0,0,0
1440164489961,0,GC Concurrent Mark Sweep Collection Count,,0.0,,,true,0,0,0,0
1440164489961,0,GC Concurrent Mark Sweep Collection Time,,0.0,,,true,0,0,0,0
1440164490963,0,GC Par New Collection Count,,0.0,,,true,0,0,0,0
1440164490964,0,GC Par New Collection Time,,0.0,,,true,0,0,0,0
1440164490965,0,GC Concurrent Mark Sweep Collection Count,,0.0,,,true,0,0,0,0
1440164490965,0,GC Concurrent Mark Sweep Collection Time,,0.0,,,true,0,0,0,0
1440164491972,0,GC Par New Collection Count,,0.0,,,true,0,0,0,0
1440164491972,0,GC Par New Collection Time,,0.0,,,true,0,0,0,0
1440164491973,0,GC Concurrent Mark Sweep Collection Count,,0.0,,,true,0,0,0,0
1440164491974,0,GC Concurrent Mark Sweep Collection Time,,0.0,,,true,0,0,0,0
1440164492980,0,GC Par New Collection Count,,0.0,,,true,0,0,0,0
1440164492980,0,GC Par New Collection Time,,0.0,,,true,0,0,0,0
1440164492981,0,GC Concurrent Mark Sweep Collection Count,,0.0,,,true,0,0,0,0
1440164492982,0,GC Concurrent Mark Sweep Collection Time,,0.0,,,true,0,0,0,0
1440164493987,0,GC Par New Collection Count,,0.0,,,true,0,0,0,0
1440164493989,0,GC Par New Collection Time,,0.0,,,true,0,0,0,0
1440164493990,0,GC Concurrent Mark Sweep Collection Count,,0.0,,,true,0,0,0,0
1440164493990,0,GC Concurrent Mark Sweep Collection Time,,0.0,,,true,0,0,0,0
1440164494996,0,GC Par New Collection Count,,0.0,,,true,0,0,0,0
1440164494997,0,GC Par New Collection Time,,0.0,,,true,0,0,0,0
1440164494997,0,GC Concurrent Mark Sweep Collection Count,,0.0,,,true,0,0,0,0
1440164494998,0,GC Concurrent Mark Sweep Collection Time,,0.0,,,true,0,0,0,0
1440164496002,0,GC Par New Collection Count,,0.0,,,true,0,0,0,0
1440164496003,0,GC Par New Collection Time,,0.0,,,true,0,0,0,0
1440164496004,0,GC Concurrent Mark Sweep Collection Count,,0.0,,,true,0,0,0,0
1440164496004,0,GC Concurrent Mark Sweep Collection Time,,0.0,,,true,0,0,0,0
1440164497010,0,GC Par New Collection Count,,0.0,,,true,0,0,0,0
1440164497011,0,GC Par New Collection Time,,0.0,,,true,0,0,0,0
1440164497011,0,GC Concurrent Mark Sweep Collection Count,,0.0,,,true,0,0,0,0
1440164497012,0,GC Concurrent Mark Sweep Collection Time,,0.0,,,true,0,0,0,0
1440164498017,0,GC Par New Collection Count,,0.0,,,true,0,0,0,0
1440164498017,0,GC Par New Collection Time,,0.0,,,true,0,0,0,0
1440164498018,0,GC Concurrent Mark Sweep Collection Count,,0.0,,,true,0,0,0,0
1440164498019,0,GC Concurrent Mark Sweep Collection Time,,0.0,,,true,0,0,0,0
1440164499024,0,GC Par New Collection Count,,0.0,,,true,0,0,0,0
1440164499024,0,GC Par New Collection Time,,0.0,,,true,0,0,0,0
1440164499025,0,GC Concurrent Mark Sweep Collection Count,,0.0,,,true,0,0,0,0
1440164499026,0,GC Concurrent Mark Sweep Collection Time,,0.0,,,true,0,0,0,0
1440164500032,0,GC Par New Collection Count,,0.0,,,true,0,0,0,0
1440164500033,0,GC Par New Collection Time,,0.0,,,true,0,0,0,0
1440164500034,0,GC Concurrent Mark Sweep Collection Count,,0.0,,,true,0,0,0,0
1440164500034,0,GC Concurrent Mark Sweep Collection Time,,0.0,,,true,0,0,0,0
1440164501039,0,GC Par New Collection Count,,0.0,,,true,0,0,0,0
1440164501040,0,GC Par New Collection Time,,0.0,,,true,0,0,0,0
1440164501042,0,GC Concurrent Mark Sweep Collection Count,,0.0,,,true,0,0,0,0
1440164501042,0,GC Concurrent Mark Sweep Collection Time,,0.0,,,true,0,0,0,0
1440164502048,0,GC Par New Collection Count,,0.0,,,true,0,0,0,0
1440164502049,0,GC Par New Collection Time,,0.0,,,true,0,0,0,0
1440164502050,0,GC Concurrent Mark Sweep Collection Count,,0.0,,,true,0,0,0,0
1440164502050,0,GC Concurrent Mark Sweep Collection Time,,0.0,,,true,0,0,0,0
1440164503055,0,GC Par New Collection Count,,0.0,,,true,0,0,0,0
1440164503056,0,GC Par New Collection Time,,0.0,,,true,0,0,0,0
1440164503056,0,GC Concurrent Mark Sweep Collection Count,,0.0,,,true,0,0,0,0
1440164503057,0,GC Concurrent Mark Sweep Collection Time,,0.0,,,true,0,0,0,0
1440164504063,0,GC Par New Collection Count,,0.0,,,true,0,0,0,0
1440164504064,0,GC Par New Collection Time,,0.0,,,true,0,0,0,0
1440164504065,0,GC Concurrent Mark Sweep Collection Count,,0.0,,,true,0,0,0,0
1440164504065,0,GC Concurrent Mark Sweep Collection Time,,0.0,,,true,0,0,0,0
1440164505071,0,GC Par New Collection Count,,0.0,,,true,0,0,0,0
1440164505071,0,GC Par New Collection Time,,0.0,,,true,0,0,0,0
1440164505072,0,GC Concurrent Mark Sweep Collection Count,,0.0,,,true,0,0,0,0
1440164505072,0,GC Concurrent Mark Sweep Collection Time,,0.0,,,true,0,0,0,0
1440164506078,0,GC Par New Collection Count,,0.0,,,true,0,0,0,0
1440164506079,0,GC Par New Collection Time,,0.0,,,true,0,0,0,0
1440164506080,0,GC Concurrent Mark Sweep Collection Count,,0.0,,,true,0,0,0,0
1440164506080,0,GC Concurrent Mark Sweep Collection Time,,0.0,,,true,0,0,0,0
1440164507086,0,GC Par New Collection Count,,0.0,,,true,0,0,0,0
1440164507087,0,GC Par New Collection Time,,0.0,,,true,0,0,0,0
1440164507088,0,GC Concurrent Mark Sweep Collection Count,,0.0,,,true,0,0,0,0
1440164507088,0,GC Concurrent Mark Sweep Collection Time,,0.0,,,true,0,0,0,0
1440164508095,0,GC Par New Collection Count,,0.0,,,true,0,0,0,0
1440164508095,0,GC Par New Collection Time,,0.0,,,true,0,0,0,0
1440164508096,0,GC Concurrent Mark Sweep Collection Count,,0.0,,,true,0,0,0,0
1440164508097,0,GC Concurrent Mark Sweep Collection Time,,0.0,,,true,0,0,0,0
1440164509102,0,GC Par New Collection Count,,0.0,,,true,0,0,0,0
1440164509103,0,GC Par New Collection Time,,0.0,,,true,0,0,0,0
1440164509104,0,GC Concurrent Mark Sweep Collection Count,,0.0,,,true,0,0,0,0
1440164509104,0,GC Concurrent Mark Sweep Collection Time,,0.0,,,true,0,0,0,0
1440164510108,0,GC Par New Collection Count,,0.0,,,true,0,0,0,0
1440164510110,0,GC Par New Collection Time,,0.0,,,true,0,0,0,0
1440164510112,0,GC Concurrent Mark Sweep Collection Count,,0.0,,,true,0,0,0,0
1440164510114,0,GC Concurrent Mark Sweep Collection Time,,0.0,,,true,0,0,0,0
1440164511119,0,GC Par New Collection Count,,0.0,,,true,0,0,0,0
1440164511120,0,GC Par New Collection Time,,0.0,,,true,0,0,0,0
1440164511120,0,GC Concurrent Mark Sweep Collection Count,,0.0,,,true,0,0,0,0
1440164511121,0,GC Concurrent Mark Sweep Collection Time,,0.0,,,true,0,0,0,0
1440164512125,0,GC Par New Collection Count,,0.0,,,true,0,0,0,0
1440164512126,0,GC Par New Collection Time,,0.0,,,true,0,0,0,0
1440164512126,0,GC Concurrent Mark Sweep Collection Count,,0.0,,,true,0,0,0,0
1440164512127,0,GC Concurrent Mark Sweep Collection Time,,0.0,,,true,0,0,0,0
1440164513133,0,GC Par New Collection Count,,0.0,,,true,0,0,0,0
1440164513134,0,GC Par New Collection Time,,0.0,,,true,0,0,0,0
1440164513134,0,GC Concurrent Mark Sweep Collection Count,,0.0,,,true,0,0,0,0
1440164513136,0,GC Concurrent Mark Sweep Collection Time,,0.0,,,true,0,0,0,0
1440164514142,0,GC Par New Collection Count,,0.0,,,true,0,0,0,0
1440164514143,0,GC Par New Collection Time,,0.0,,,true,0,0,0,0
1440164514143,0,GC Concurrent Mark Sweep Collection Count,,0.0,,,true,0,0,0,0
1440164514144,0,GC Concurrent Mark Sweep Collection Time,,0.0,,,true,0,0,0,0
1440164515150,0,GC Par New Collection Count,,0.0,,,true,0,0,0,0
1440164515151,0,GC Par New Collection Time,,0.0,,,true,0,0,0,0
1440164515152,0,GC Concurrent Mark Sweep Collection Count,,0.0,,,true,0,0,0,0
1440164515152,0,GC Concurrent Mark Sweep Collection Time,,0.0,,,true,0,0,0,0
1440164516157,0,GC Par New Collection Count,,0.0,,,true,0,0,0,0
1440164516158,0,GC Par New Collection Time,,0.0,,,true,0,0,0,0
1440164516159,0,GC Concurrent Mark Sweep Collection Count,,0.0,,,true,0,0,0,0
1440164516160,0,GC Concurrent Mark Sweep Collection Time,,0.0,,,true,0,0,0,0
1440164517165,0,GC Par New Collection Count,,0.0,,,true,0,0,0,0
1440164517166,0,GC Par New Collection Time,,0.0,,,true,0,0,0,0
1440164517167,0,GC Concurrent Mark Sweep Collection Count,,0.0,,,true,0,0,0,0
1440164517167,0,GC Concurrent Mark Sweep Collection Time,,0.0,,,true,0,0,0,0
1440164518170,0,GC Par New Collection Count,,0.0,,,true,0,0,0,0
1440164518171,0,GC Par New Collection Time,,0.0,,,true,0,0,0,0
1440164518172,0,GC Concurrent Mark Sweep Collection Count,,0.0,,,true,0,0,0,0
1440164518172,0,GC Concurrent Mark Sweep Collection Time,,0.0,,,true,0,0,0,0
1440164519178,0,GC Par New Collection Count,,0.0,,,true,0,0,0,0
1440164519179,0,GC Par New Collection Time,,0.0,,,true,0,0,0,0
1440164519180,0,GC Concurrent Mark Sweep Collection Count,,0.0,,,true,0,0,0,0
1440164519180,0,GC Concurrent Mark Sweep Collection Time,,0.0,,,true,0,0,0,0
1440164520186,0,GC Par New Collection Count,,0.0,,,true,0,0,0,0
1440164520187,0,GC Par New Collection Time,,0.0,,,true,0,0,0,0
1440164520188,0,GC Concurrent Mark Sweep Collection Count,,0.0,,,true,0,0,0,0
1440164520189,0,GC Concurrent Mark Sweep Collection Time,,0.0,,,true,0,0,0,0
1440164521193,0,GC Par New Collection Count,,0.0,,,true,0,0,0,0
1440164521194,0,GC Par New Collection Time,,0.0,,,true,0,0,0,0
1440164521195,0,GC Concurrent Mark Sweep Collection Count,,0.0,,,true,0,0,0,0
1440164521195,0,GC Concurrent Mark Sweep Collection Time,,0.0,,,true,0,0,0,0
1440164522200,0,GC Par New Collection Count,,0.0,,,true,0,0,0,0
1440164522202,0,GC Par New Collection Time,,0.0,,,true,0,0,0,0
1440164522202,0,GC Concurrent Mark Sweep Collection Count,,0.0,,,true,0,0,0,0
1440164522203,0,GC Concurrent Mark Sweep Collection Time,,0.0,,,true,0,0,0,0
1440164523207,0,GC Par New Collection Count,,0.0,,,true,0,0,0,0
1440164523209,0,GC Par New Collection Time,,0.0,,,true,0,0,0,0
1440164523210,0,GC Concurrent Mark Sweep Collection Count,,0.0,,,true,0,0,0,0
1440164523210,0,GC Concurrent Mark Sweep Collection Time,,0.0,,,true,0,0,0,0
1440164524214,0,GC Par New Collection Count,,0.0,,,true,0,0,0,0
1440164524215,0,GC Par New Collection Time,,0.0,,,true,0,0,0,0
1440164524215,0,GC Concurrent Mark Sweep Collection Count,,0.0,,,true,0,0,0,0
1440164524216,0,GC Concurrent Mark Sweep Collection Time,,0.0,,,true,0,0,0,0
1440164525222,0,GC Par New Collection Count,,0.0,,,true,0,0,0,0
1440164525223,0,GC Par New Collection Time,,0.0,,,true,0,0,0,0
1440164525224,0,GC Concurrent Mark Sweep Collection Count,,0.0,,,true,0,0,0,0
1440164525225,0,GC Concurrent Mark Sweep Collection Time,,0.0,,,true,0,0,0,0
1440164526231,0,GC Par New Collection Count,,0.0,,,true,0,0,0,0
1440164526232,0,GC Par New Collection Time,,0.0,,,true,0,0,0,0
1440164526232,0,GC Concurrent Mark Sweep Collection Count,,0.0,,,true,0,0,0,0
1440164526233,0,GC Concurrent Mark Sweep Collection Time,,0.0,,,true,0,0,0,0
1440164527241,0,GC Par New Collection Count,,0.0,,,true,0,0,0,0
1440164527242,0,GC Par New Collection Time,,0.0,,,true,0,0,0,0
1440164527243,0,GC Concurrent Mark Sweep Collection Count,,0.0,,,true,0,0,0,0
1440164527244,0,GC Concurrent Mark Sweep Collection Time,,0.0,,,true,0,0,0,0
1440164528249,0,GC Par New Collection Count,,0.0,,,true,0,0,0,0
1440164528250,0,GC Par New Collection Time,,0.0,,,true,0,0,0,0
1440164528250,0,GC Concurrent Mark Sweep Collection Count,,0.0,,,true,0,0,0,0
1440164528251,0,GC Concurrent Mark Sweep Collection Time,,0.0,,,true,0,0,0,0
1440164529256,0,GC Par New Collection Count,,0.0,,,true,0,0,0,0
1440164529257,0,GC Par New Collection Time,,0.0,,,true,0,0,0,0
1440164529258,0,GC Concurrent Mark Sweep Collection Count,,0.0,,,true,0,0,0,0
1440164529258,0,GC Concurrent Mark Sweep Collection Time,,0.0,,,true,0,0,0,0
1440164530262,0,GC Par New Collection Count,,0.0,,,true,0,0,0,0
1440164530263,0,GC Par New Collection Time,,0.0,,,true,0,0,0,0
1440164530264,0,GC Concurrent Mark Sweep Collection Count,,0.0,,,true,0,0,0,0
1440164530264,0,GC Concurrent Mark Sweep Collection Time,,0.0,,,true,0,0,0,0
1440164531269,0,GC Par New Collection Count,,0.0,,,true,0,0,0,0
1440164531270,0,GC Par New Collection Time,,0.0,,,true,0,0,0,0
1440164531271,0,GC Concurrent Mark Sweep Collection Count,,0.0,,,true,0,0,0,0
1440164531271,0,GC Concurrent Mark Sweep Collection Time,,0.0,,,true,0,0,0,0
1440164532277,0,GC Par New Collection Count,,0.0,,,true,0,0,0,0
1440164532277,0,GC Par New Collection Time,,0.0,,,true,0,0,0,0
1440164532278,0,GC Concurrent Mark Sweep Collection Count,,0.0,,,true,0,0,0,0
1440164532279,0,GC Concurrent Mark Sweep Collection Time,,0.0,,,true,0,0,0,0
1440164533281,0,GC Par New Collection Count,,0.0,,,true,0,0,0,0
1440164533282,0,GC Par New Collection Time,,0.0,,,true,0,0,0,0
1440164533283,0,GC Concurrent Mark Sweep Collection Count,,0.0,,,true,0,0,0,0
1440164533284,0,GC Concurrent Mark Sweep Collection Time,,0.0,,,true,0,0,0,0
1440164534290,0,GC Par New Collection Count,,0.0,,,true,0,0,0,0
1440164534291,0,GC Par New Collection Time,,0.0,,,true,0,0,0,0
1440164534292,0,GC Concurrent Mark Sweep Collection Count,,0.0,,,true,0,0,0,0
1440164534292,0,GC Concurrent Mark Sweep Collection Time,,0.0,,,true,0,0,0,0
1440164535296,0,GC Par New Collection Count,,0.0,,,true,0,0,0,0
1440164535297,0,GC Par New Collection Time,,0.0,,,true,0,0,0,0
1440164535298,0,GC Concurrent Mark Sweep Collection Count,,0.0,,,true,0,0,0,0
1440164535299,0,GC Concurrent Mark Sweep Collection Time,,0.0,,,true,0,0,0,0
1440164536304,0,GC Par New Collection Count,,0.0,,,true,0,0,0,0
1440164536305,0,GC Par New Collection Time,,0.0,,,true,0,0,0,0
1440164536306,0,GC Concurrent Mark Sweep Collection Count,,0.0,,,true,0,0,0,0
1440164536306,0,GC Concurrent Mark Sweep Collection Time,,0.0,,,true,0,0,0,0
1440164537312,0,GC Par New Collection Count,,0.0,,,true,0,0,0,0
1440164537313,0,GC Par New Collection Time,,0.0,,,true,0,0,0,0
1440164537314,0,GC Concurrent Mark Sweep Collection Count,,0.0,,,true,0,0,0,0
1440164537315,0,GC Concurrent Mark Sweep Collection Time,,0.0,,,true,0,0,0,0
1440164538320,0,GC Par New Collection Count,,0.0,,,true,0,0,0,0
1440164538321,0,GC Par New Collection Time,,0.0,,,true,0,0,0,0
1440164538322,0,GC Concurrent Mark Sweep Collection Count,,0.0,,,true,0,0,0,0
1440164538322,0,GC Concurrent Mark Sweep Collection Time,,0.0,,,true,0,0,0,0
1440164539328,0,GC Par New Collection Count,,0.0,,,true,0,0,0,0
1440164539329,0,GC Par New Collection Time,,0.0,,,true,0,0,0,0
1440164539330,0,GC Concurrent Mark Sweep Collection Count,,0.0,,,true,0,0,0,0
1440164539330,0,GC Concurrent Mark Sweep Collection Time,,0.0,,,true,0,0,0,0
1440164540336,0,GC Par New Collection Count,,0.0,,,true,0,0,0,0
1440164540337,0,GC Par New Collection Time,,0.0,,,true,0,0,0,0
1440164540338,0,GC Concurrent Mark Sweep Collection Count,,0.0,,,true,0,0,0,0
1440164540338,0,GC Concurrent Mark Sweep Collection Time,,0.0,,,true,0,0,0,0
1440164541344,0,GC Par New Collection Count,,0.0,,,true,0,0,0,0
1440164541345,0,GC Par New Collection Time,,0.0,,,true,0,0,0,0
1440164541346,0,GC Concurrent Mark Sweep Collection Count,,0.0,,,true,0,0,0,0
1440164541347,0,GC Concurrent Mark Sweep Collection Time,,0.0,,,true,0,0,0,0
1440164542353,0,GC Par New Collection Count,,0.0,,,true,0,0,0,0
1440164542353,0,GC Par New Collection Time,,0.0,,,true,0,0,0,0
1440164542354,0,GC Concurrent Mark Sweep Collection Count,,0.0,,,true,0,0,0,0
1440164542355,0,GC Concurrent Mark Sweep Collection Time,,0.0,,,true,0,0,0,0
1440164543360,0,GC Par New Collection Count,,0.0,,,true,0,0,0,0
1440164543361,0,GC Par New Collection Time,,0.0,,,true,0,0,0,0
1440164543362,0,GC Concurrent Mark Sweep Collection Count,,0.0,,,true,0,0,0,0
1440164543363,0,GC Concurrent Mark Sweep Collection Time,,0.0,,,true,0,0,0,0
1440164544367,0,GC Par New Collection Count,,0.0,,,true,0,0,0,0
1440164544367,0,GC Par New Collection Time,,0.0,,,true,0,0,0,0
1440164544368,0,GC Concurrent Mark Sweep Collection Count,,0.0,,,true,0,0,0,0
1440164544368,0,GC Concurrent Mark Sweep Collection Time,,0.0,,,true,0,0,0,0
1440164545373,0,GC Par New Collection Count,,0.0,,,true,0,0,0,0
1440164545374,0,GC Par New Collection Time,,0.0,,,true,0,0,0,0
1440164545374,0,GC Concurrent Mark Sweep Collection Count,,0.0,,,true,0,0,0,0
1440164545375,0,GC Concurrent Mark Sweep Collection Time,,0.0,,,true,0,0,0,0
1440164546380,0,GC Par New Collection Count,,0.0,,,true,0,0,0,0
1440164546381,0,GC Par New Collection Time,,0.0,,,true,0,0,0,0
1440164546382,0,GC Concurrent Mark Sweep Collection Count,,0.0,,,true,0,0,0,0
1440164546382,0,GC Concurrent Mark Sweep Collection Time,,0.0,,,true,0,0,0,0
1440164547388,0,GC Par New Collection Count,,0.0,,,true,0,0,0,0
1440164547389,0,GC Par New Collection Time,,0.0,,,true,0,0,0,0
1440164547390,0,GC Concurrent Mark Sweep Collection Count,,0.0,,,true,0,0,0,0
1440164547391,0,GC Concurrent Mark Sweep Collection Time,,0.0,,,true,0,0,0,0
1440164548397,0,GC Par New Collection Count,,0.0,,,true,0,0,0,0
1440164548397,0,GC Par New Collection Time,,0.0,,,true,0,0,0,0
1440164548399,0,GC Concurrent Mark Sweep Collection Count,,0.0,,,true,0,0,0,0
1440164548400,0,GC Concurrent Mark Sweep Collection Time,,0.0,,,true,0,0,0,0
1440164549405,0,GC Par New Collection Count,,0.0,,,true,0,0,0,0
1440164549406,0,GC Par New Collection Time,,0.0,,,true,0,0,0,0
1440164549406,0,GC Concurrent Mark Sweep Collection Count,,0.0,,,true,0,0,0,0
1440164549407,0,GC Concurrent Mark Sweep Collection Time,,0.0,,,true,0,0,0,0
1440177753377,0,GC Par New Collection Count,,0.0,,,true,0,0,0,0
1440177753379,0,GC Par New Collection Time,,0.0,,,true,0,0,0,0
1440177753380,0,GC Concurrent Mark Sweep Collection Count,,0.0,,,true,0,0,0,0
1440177753382,0,GC Concurrent Mark Sweep Collection Time,,0.0,,,true,0,0,0,0
1440177754388,0,GC Par New Collection Count,,0.0,,,true,0,0,0,0
1440177754389,0,GC Par New Collection Time,,0.0,,,true,0,0,0,0
1440177754390,0,GC Concurrent Mark Sweep Collection Count,,0.0,,,true,0,0,0,0
1440177754391,0,GC Concurrent Mark Sweep Collection Time,,0.0,,,true,0,0,0,0
1440177755398,0,GC Par New Collection Count,,0.0,,,true,0,0,0,0
1440177755409,0,GC Par New Collection Time,,0.0,,,true,0,0,0,0
1440177755410,0,GC Concurrent Mark Sweep Collection Count,,0.0,,,true,0,0,0,0
1440177755411,0,GC Concurrent Mark Sweep Collection Time,,0.0,,,true,0,0,0,0
1440177756415,0,GC Par New Collection Count,,0.0,,,true,0,0,0,0
1440177756416,0,GC Par New Collection Time,,0.0,,,true,0,0,0,0
1440177756417,0,GC Concurrent Mark Sweep Collection Count,,0.0,,,true,0,0,0,0
1440177756418,0,GC Concurrent Mark Sweep Collection Time,,0.0,,,true,0,0,0,0
1440177757424,0,GC Par New Collection Count,,0.0,,,true,0,0,0,0
1440177757425,0,GC Par New Collection Time,,0.0,,,true,0,0,0,0
1440177757426,0,GC Concurrent Mark Sweep Collection Count,,0.0,,,true,0,0,0,0
1440177757427,0,GC Concurrent Mark Sweep Collection Time,,0.0,,,true,0,0,0,0
1440177758431,0,GC Par New Collection Count,,0.0,,,true,0,0,0,0
1440177758432,0,GC Par New Collection Time,,0.0,,,true,0,0,0,0
1440177758433,0,GC Concurrent Mark Sweep Collection Count,,0.0,,,true,0,0,0,0
1440177758434,0,GC Concurrent Mark Sweep Collection Time,,0.0,,,true,0,0,0,0
1440177759439,0,GC Par New Collection Count,,0.0,,,true,0,0,0,0
1440177759440,0,GC Par New Collection Time,,0.0,,,true,0,0,0,0
1440177759440,0,GC Concurrent Mark Sweep Collection Count,,0.0,,,true,0,0,0,0
1440177759441,0,GC Concurrent Mark Sweep Collection Time,,0.0,,,true,0,0,0,0
1440177760447,0,GC Par New Collection Count,,0.0,,,true,0,0,0,0
1440177760448,0,GC Par New Collection Time,,0.0,,,true,0,0,0,0
1440177760449,0,GC Concurrent Mark Sweep Collection Count,,0.0,,,true,0,0,0,0
1440177760449,0,GC Concurrent Mark Sweep Collection Time,,0.0,,,true,0,0,0,0
1440177761454,0,GC Par New Collection Count,,0.0,,,true,0,0,0,0
1440177761455,0,GC Par New Collection Time,,0.0,,,true,0,0,0,0
1440177761456,0,GC Concurrent Mark Sweep Collection Count,,0.0,,,true,0,0,0,0
1440177761456,0,GC Concurrent Mark Sweep Collection Time,,0.0,,,true,0,0,0,0
1440177762461,0,GC Par New Collection Count,,0.0,,,true,0,0,0,0
1440177762462,0,GC Par New Collection Time,,0.0,,,true,0,0,0,0
1440177762463,0,GC Concurrent Mark Sweep Collection Count,,0.0,,,true,0,0,0,0
1440177762464,0,GC Concurrent Mark Sweep Collection Time,,0.0,,,true,0,0,0,0
1440177763469,0,GC Par New Collection Count,,0.0,,,true,0,0,0,0
1440177763470,0,GC Par New Collection Time,,0.0,,,true,0,0,0,0
1440177763471,0,GC Concurrent Mark Sweep Collection Count,,0.0,,,true,0,0,0,0
1440177763472,0,GC Concurrent Mark Sweep Collection Time,,0.0,,,true,0,0,0,0
1440177764477,0,GC Par New Collection Count,,0.0,,,true,0,0,0,0
1440177764478,0,GC Par New Collection Time,,0.0,,,true,0,0,0,0
1440177764480,0,GC Concurrent Mark Sweep Collection Count,,0.0,,,true,0,0,0,0
1440177764480,0,GC Concurrent Mark Sweep Collection Time,,0.0,,,true,0,0,0,0
1440177765486,0,GC Par New Collection Count,,0.0,,,true,0,0,0,0
1440177765488,0,GC Par New Collection Time,,0.0,,,true,0,0,0,0
1440177765489,0,GC Concurrent Mark Sweep Collection Count,,0.0,,,true,0,0,0,0
1440177765490,0,GC Concurrent Mark Sweep Collection Time,,0.0,,,true,0,0,0,0
1440177766492,0,GC Par New Collection Count,,0.0,,,true,0,0,0,0
1440177766494,0,GC Par New Collection Time,,0.0,,,true,0,0,0,0
1440177766494,0,GC Concurrent Mark Sweep Collection Count,,0.0,,,true,0,0,0,0
1440177766496,0,GC Concurrent Mark Sweep Collection Time,,0.0,,,true,0,0,0,0
1440177767502,0,GC Par New Collection Count,,0.0,,,true,0,0,0,0
1440177767503,0,GC Par New Collection Time,,0.0,,,true,0,0,0,0
1440177767504,0,GC Concurrent Mark Sweep Collection Count,,0.0,,,true,0,0,0,0
1440177767505,0,GC Concurrent Mark Sweep Collection Time,,0.0,,,true,0,0,0,0
1440177768511,0,GC Par New Collection Count,,0.0,,,true,0,0,0,0
1440177768512,0,GC Par New Collection Time,,0.0,,,true,0,0,0,0
1440177768514,0,GC Concurrent Mark Sweep Collection Count,,0.0,,,true,0,0,0,0
1440177768515,0,GC Concurrent Mark Sweep Collection Time,,0.0,,,true,0,0,0,0
1440177769519,0,GC Par New Collection Count,,0.0,,,true,0,0,0,0
1440177769520,0,GC Par New Collection Time,,0.0,,,true,0,0,0,0
1440177769522,0,GC Concurrent Mark Sweep Collection Count,,0.0,,,true,0,0,0,0
1440177769523,0,GC Concurrent Mark Sweep Collection Time,,0.0,,,true,0,0,0,0
1440177770529,0,GC Par New Collection Count,,0.0,,,true,0,0,0,0
1440177770531,0,GC Par New Collection Time,,0.0,,,true,0,0,0,0
1440177770532,0,GC Concurrent Mark Sweep Collection Count,,0.0,,,true,0,0,0,0
1440177770533,0,GC Concurrent Mark Sweep Collection Time,,0.0,,,true,0,0,0,0
1440177771539,0,GC Par New Collection Count,,0.0,,,true,0,0,0,0
1440177771541,0,GC Par New Collection Time,,0.0,,,true,0,0,0,0
1440177771541,0,GC Concurrent Mark Sweep Collection Count,,0.0,,,true,0,0,0,0
1440177771542,0,GC Concurrent Mark Sweep Collection Time,,0.0,,,true,0,0,0,0
1440177772548,0,GC Par New Collection Count,,0.0,,,true,0,0,0,0
1440177772550,0,GC Par New Collection Time,,0.0,,,true,0,0,0,0
1440177772551,0,GC Concurrent Mark Sweep Collection Count,,0.0,,,true,0,0,0,0
1440177772553,0,GC Concurrent Mark Sweep Collection Time,,0.0,,,true,0,0,0,0
1440177773558,0,GC Par New Collection Count,,0.0,,,true,0,0,0,0
1440177773560,0,GC Par New Collection Time,,0.0,,,true,0,0,0,0
1440177773561,0,GC Concurrent Mark Sweep Collection Count,,0.0,,,true,0,0,0,0
1440177773562,0,GC Concurrent Mark Sweep Collection Time,,0.0,,,true,0,0,0,0
1440177774568,0,GC Par New Collection Count,,0.0,,,true,0,0,0,0
1440177774570,0,GC Par New Collection Time,,0.0,,,true,0,0,0,0
1440177774571,0,GC Concurrent Mark Sweep Collection Count,,0.0,,,true,0,0,0,0
1440177774572,0,GC Concurrent Mark Sweep Collection Time,,0.0,,,true,0,0,0,0
1440177775578,0,GC Par New Collection Count,,0.0,,,true,0,0,0,0
1440177775579,0,GC Par New Collection Time,,0.0,,,true,0,0,0,0
1440177775579,0,GC Concurrent Mark Sweep Collection Count,,0.0,,,true,0,0,0,0
1440177775580,0,GC Concurrent Mark Sweep Collection Time,,0.0,,,true,0,0,0,0
1440177776585,0,GC Par New Collection Count,,0.0,,,true,0,0,0,0
1440177776586,0,GC Par New Collection Time,,0.0,,,true,0,0,0,0
1440177776587,0,GC Concurrent Mark Sweep Collection Count,,0.0,,,true,0,0,0,0
1440177776587,0,GC Concurrent Mark Sweep Collection Time,,0.0,,,true,0,0,0,0
1440177777590,0,GC Par New Collection Count,,0.0,,,true,0,0,0,0
1440177777591,0,GC Par New Collection Time,,0.0,,,true,0,0,0,0
1440177777592,0,GC Concurrent Mark Sweep Collection Count,,0.0,,,true,0,0,0,0
1440177777593,0,GC Concurrent Mark Sweep Collection Time,,0.0,,,true,0,0,0,0
1440177778597,0,GC Par New Collection Count,,0.0,,,true,0,0,0,0
1440177778598,0,GC Par New Collection Time,,0.0,,,true,0,0,0,0
1440177778600,0,GC Concurrent Mark Sweep Collection Count,,0.0,,,true,0,0,0,0
1440177778601,0,GC Concurrent Mark Sweep Collection Time,,0.0,,,true,0,0,0,0
1440177779607,0,GC Par New Collection Count,,0.0,,,true,0,0,0,0
1440177779609,0,GC Par New Collection Time,,0.0,,,true,0,0,0,0
1440177779610,0,GC Concurrent Mark Sweep Collection Count,,0.0,,,true,0,0,0,0
1440177779611,0,GC Concurrent Mark Sweep Collection Time,,0.0,,,true,0,0,0,0
1440177780617,0,GC Par New Collection Count,,0.0,,,true,0,0,0,0
1440177780619,0,GC Par New Collection Time,,0.0,,,true,0,0,0,0
1440177780620,0,GC Concurrent Mark Sweep Collection Count,,0.0,,,true,0,0,0,0
1440177780621,0,GC Concurrent Mark Sweep Collection Time,,0.0,,,true,0,0,0,0
1440177781627,0,GC Par New Collection Count,,0.0,,,true,0,0,0,0
1440177781628,0,GC Par New Collection Time,,0.0,,,true,0,0,0,0
1440177781629,0,GC Concurrent Mark Sweep Collection Count,,0.0,,,true,0,0,0,0
1440177781630,0,GC Concurrent Mark Sweep Collection Time,,0.0,,,true,0,0,0,0
1440177782635,0,GC Par New Collection Count,,0.0,,,true,0,0,0,0
1440177782636,0,GC Par New Collection Time,,0.0,,,true,0,0,0,0
1440177782637,0,GC Concurrent Mark Sweep Collection Count,,0.0,,,true,0,0,0,0
1440177782638,0,GC Concurrent Mark Sweep Collection Time,,0.0,,,true,0,0,0,0
1440177783642,0,GC Par New Collection Count,,0.0,,,true,0,0,0,0
1440177783643,0,GC Par New Collection Time,,0.0,,,true,0,0,0,0
1440177783644,0,GC Concurrent Mark Sweep Collection Count,,0.0,,,true,0,0,0,0
1440177783645,0,GC Concurrent Mark Sweep Collection Time,,0.0,,,true,0,0,0,0
1440177784650,0,GC Par New Collection Count,,0.0,,,true,0,0,0,0
1440177784651,0,GC Par New Collection Time,,0.0,,,true,0,0,0,0
1440177784652,0,GC Concurrent Mark Sweep Collection Count,,0.0,,,true,0,0,0,0
1440177784653,0,GC Concurrent Mark Sweep Collection Time,,0.0,,,true,0,0,0,0
1440177785659,0,GC Par New Collection Count,,0.0,,,true,0,0,0,0
1440177785659,0,GC Par New Collection Time,,0.0,,,true,0,0,0,0
1440177785660,0,GC Concurrent Mark Sweep Collection Count,,0.0,,,true,0,0,0,0
1440177785661,0,GC Concurrent Mark Sweep Collection Time,,0.0,,,true,0,0,0,0
1440177786664,0,GC Par New Collection Count,,0.0,,,true,0,0,0,0
1440177786665,0,GC Par New Collection Time,,0.0,,,true,0,0,0,0
1440177786666,0,GC Concurrent Mark Sweep Collection Count,,0.0,,,true,0,0,0,0
1440177786668,0,GC Concurrent Mark Sweep Collection Time,,0.0,,,true,0,0,0,0
1440177787673,0,GC Par New Collection Count,,0.0,,,true,0,0,0,0
1440177787674,0,GC Par New Collection Time,,0.0,,,true,0,0,0,0
1440177787675,0,GC Concurrent Mark Sweep Collection Count,,0.0,,,true,0,0,0,0
1440177787676,0,GC Concurrent Mark Sweep Collection Time,,0.0,,,true,0,0,0,0
1440177788681,0,GC Par New Collection Count,,0.0,,,true,0,0,0,0
1440177788683,0,GC Par New Collection Time,,0.0,,,true,0,0,0,0
1440177788684,0,GC Concurrent Mark Sweep Collection Count,,0.0,,,true,0,0,0,0
1440177788685,0,GC Concurrent Mark Sweep Collection Time,,0.0,,,true,0,0,0,0
1440177789690,0,GC Par New Collection Count,,0.0,,,true,0,0,0,0
1440177789691,0,GC Par New Collection Time,,0.0,,,true,0,0,0,0
1440177789692,0,GC Concurrent Mark Sweep Collection Count,,0.0,,,true,0,0,0,0
1440177789692,0,GC Concurrent Mark Sweep Collection Time,,0.0,,,true,0,0,0,0
1440177790695,0,GC Par New Collection Count,,0.0,,,true,0,0,0,0
1440177790696,0,GC Par New Collection Time,,0.0,,,true,0,0,0,0
1440177790698,0,GC Concurrent Mark Sweep Collection Count,,0.0,,,true,0,0,0,0
1440177790699,0,GC Concurrent Mark Sweep Collection Time,,0.0,,,true,0,0,0,0
1440177791704,0,GC Par New Collection Count,,0.0,,,true,0,0,0,0
1440177791705,0,GC Par New Collection Time,,0.0,,,true,0,0,0,0
1440177791705,0,GC Concurrent Mark Sweep Collection Count,,0.0,,,true,0,0,0,0
1440177791706,0,GC Concurrent Mark Sweep Collection Time,,0.0,,,true,0,0,0,0
1440177792711,0,GC Par New Collection Count,,0.0,,,true,0,0,0,0
1440177792712,0,GC Par New Collection Time,,0.0,,,true,0,0,0,0
1440177792713,0,GC Concurrent Mark Sweep Collection Count,,0.0,,,true,0,0,0,0
1440177792714,0,GC Concurrent Mark Sweep Collection Time,,0.0,,,true,0,0,0,0
1440177793719,0,GC Par New Collection Count,,0.0,,,true,0,0,0,0
1440177793719,0,GC Par New Collection Time,,0.0,,,true,0,0,0,0
1440177793720,0,GC Concurrent Mark Sweep Collection Count,,0.0,,,true,0,0,0,0
1440177793721,0,GC Concurrent Mark Sweep Collection Time,,0.0,,,true,0,0,0,0
1440177794727,0,GC Par New Collection Count,,0.0,,,true,0,0,0,0
1440177794728,0,GC Par New Collection Time,,0.0,,,true,0,0,0,0
1440177794729,0,GC Concurrent Mark Sweep Collection Count,,0.0,,,true,0,0,0,0
1440177794729,0,GC Concurrent Mark Sweep Collection Time,,0.0,,,true,0,0,0,0
1440177795735,0,GC Par New Collection Count,,0.0,,,true,0,0,0,0
1440177795736,0,GC Par New Collection Time,,0.0,,,true,0,0,0,0
1440177795737,0,GC Concurrent Mark Sweep Collection Count,,0.0,,,true,0,0,0,0
1440177795739,0,GC Concurrent Mark Sweep Collection Time,,0.0,,,true,0,0,0,0
1440177796743,0,GC Par New Collection Count,,0.0,,,true,0,0,0,0
1440177796745,0,GC Par New Collection Time,,0.0,,,true,0,0,0,0
1440177796746,0,GC Concurrent Mark Sweep Collection Count,,0.0,,,true,0,0,0,0
1440177796747,0,GC Concurrent Mark Sweep Collection Time,,0.0,,,true,0,0,0,0
1440177797753,0,GC Par New Collection Count,,0.0,,,true,0,0,0,0
1440177797754,0,GC Par New Collection Time,,0.0,,,true,0,0,0,0
1440177797755,0,GC Concurrent Mark Sweep Collection Count,,0.0,,,true,0,0,0,0
1440177797755,0,GC Concurrent Mark Sweep Collection Time,,0.0,,,true,0,0,0,0
1440177798761,0,GC Par New Collection Count,,0.0,,,true,0,0,0,0
1440177798762,0,GC Par New Collection Time,,0.0,,,true,0,0,0,0
1440177798763,0,GC Concurrent Mark Sweep Collection Count,,0.0,,,true,0,0,0,0
1440177798763,0,GC Concurrent Mark Sweep Collection Time,,0.0,,,true,0,0,0,0
1440177799769,0,GC Par New Collection Count,,0.0,,,true,0,0,0,0
1440177799770,0,GC Par New Collection Time,,0.0,,,true,0,0,0,0
1440177799770,0,GC Concurrent Mark Sweep Collection Count,,0.0,,,true,0,0,0,0
1440177799771,0,GC Concurrent Mark Sweep Collection Time,,0.0,,,true,0,0,0,0
1440177800773,0,GC Par New Collection Count,,0.0,,,true,0,0,0,0
1440177800774,0,GC Par New Collection Time,,0.0,,,true,0,0,0,0
1440177800775,0,GC Concurrent Mark Sweep Collection Count,,0.0,,,true,0,0,0,0
1440177800776,0,GC Concurrent Mark Sweep Collection Time,,0.0,,,true,0,0,0,0
1440177801781,0,GC Par New Collection Count,,0.0,,,true,0,0,0,0
1440177801782,0,GC Par New Collection Time,,0.0,,,true,0,0,0,0
1440177801783,0,GC Concurrent Mark Sweep Collection Count,,0.0,,,true,0,0,0,0
1440177801784,0,GC Concurrent Mark Sweep Collection Time,,0.0,,,true,0,0,0,0
1440177802789,0,GC Par New Collection Count,,0.0,,,true,0,0,0,0
1440177802790,0,GC Par New Collection Time,,0.0,,,true,0,0,0,0
1440177802791,0,GC Concurrent Mark Sweep Collection Count,,0.0,,,true,0,0,0,0
1440177802792,0,GC Concurrent Mark Sweep Collection Time,,0.0,,,true,0,0,0,0
1440177803797,0,GC Par New Collection Count,,0.0,,,true,0,0,0,0
1440177803798,0,GC Par New Collection Time,,0.0,,,true,0,0,0,0
1440177803799,0,GC Concurrent Mark Sweep Collection Count,,0.0,,,true,0,0,0,0
1440177803800,0,GC Concurrent Mark Sweep Collection Time,,0.0,,,true,0,0,0,0
1440177804805,0,GC Par New Collection Count,,0.0,,,true,0,0,0,0
1440177804807,0,GC Par New Collection Time,,0.0,,,true,0,0,0,0
1440177804808,0,GC Concurrent Mark Sweep Collection Count,,0.0,,,true,0,0,0,0
1440177804808,0,GC Concurrent Mark Sweep Collection Time,,0.0,,,true,0,0,0,0
1440177805813,0,GC Par New Collection Count,,0.0,,,true,0,0,0,0
1440177805814,0,GC Par New Collection Time,,0.0,,,true,0,0,0,0
1440177805814,0,GC Concurrent Mark Sweep Collection Count,,0.0,,,true,0,0,0,0
1440177805815,0,GC Concurrent Mark Sweep Collection Time,,0.0,,,true,0,0,0,0
1440177806819,0,GC Par New Collection Count,,0.0,,,true,0,0,0,0
1440177806820,0,GC Par New Collection Time,,0.0,,,true,0,0,0,0
1440177806822,0,GC Concurrent Mark Sweep Collection Count,,0.0,,,true,0,0,0,0
1440177806823,0,GC Concurrent Mark Sweep Collection Time,,0.0,,,true,0,0,0,0
1440177807828,0,GC Par New Collection Count,,0.0,,,true,0,0,0,0
1440177807829,0,GC Par New Collection Time,,0.0,,,true,0,0,0,0
1440177807830,0,GC Concurrent Mark Sweep Collection Count,,0.0,,,true,0,0,0,0
1440177807831,0,GC Concurrent Mark Sweep Collection Time,,0.0,,,true,0,0,0,0
1440177808835,0,GC Par New Collection Count,,0.0,,,true,0,0,0,0
1440177808837,0,GC Par New Collection Time,,0.0,,,true,0,0,0,0
1440177808838,0,GC Concurrent Mark Sweep Collection Count,,0.0,,,true,0,0,0,0
1440177808839,0,GC Concurrent Mark Sweep Collection Time,,0.0,,,true,0,0,0,0
1440177809844,0,GC Par New Collection Count,,0.0,,,true,0,0,0,0
1440177809846,0,GC Par New Collection Time,,0.0,,,true,0,0,0,0
1440177809847,0,GC Concurrent Mark Sweep Collection Count,,0.0,,,true,0,0,0,0
1440177809848,0,GC Concurrent Mark Sweep Collection Time,,0.0,,,true,0,0,0,0
1440177810853,0,GC Par New Collection Count,,0.0,,,true,0,0,0,0
1440177810855,0,GC Par New Collection Time,,0.0,,,true,0,0,0,0
1440177810856,0,GC Concurrent Mark Sweep Collection Count,,0.0,,,true,0,0,0,0
1440177810857,0,GC Concurrent Mark Sweep Collection Time,,0.0,,,true,0,0,0,0
1440177811862,0,GC Par New Collection Count,,0.0,,,true,0,0,0,0
1440177811864,0,GC Par New Collection Time,,0.0,,,true,0,0,0,0
1440177811864,0,GC Concurrent Mark Sweep Collection Count,,0.0,,,true,0,0,0,0
1440177811865,0,GC Concurrent Mark Sweep Collection Time,,0.0,,,true,0,0,0,0
1440177812871,0,GC Par New Collection Count,,0.0,,,true,0,0,0,0
1440177812873,0,GC Par New Collection Time,,0.0,,,true,0,0,0,0
1440177812874,0,GC Concurrent Mark Sweep Collection Count,,0.0,,,true,0,0,0,0
1440177812875,0,GC Concurrent Mark Sweep Collection Time,,0.0,,,true,0,0,0,0
1440177813881,0,GC Par New Collection Count,,0.0,,,true,0,0,0,0
1440177813882,0,GC Par New Collection Time,,0.0,,,true,0,0,0,0
1440177813884,0,GC Concurrent Mark Sweep Collection Count,,0.0,,,true,0,0,0,0
1440177813885,0,GC Concurrent Mark Sweep Collection Time,,0.0,,,true,0,0,0,0
1440177814890,0,GC Par New Collection Count,,0.0,,,true,0,0,0,0
1440177814891,0,GC Par New Collection Time,,0.0,,,true,0,0,0,0
1440177814891,0,GC Concurrent Mark Sweep Collection Count,,0.0,,,true,0,0,0,0
1440177814892,0,GC Concurrent Mark Sweep Collection Time,,0.0,,,true,0,0,0,0
1440177815898,0,GC Par New Collection Count,,0.0,,,true,0,0,0,0
1440177815899,0,GC Par New Collection Time,,0.0,,,true,0,0,0,0
1440177815900,0,GC Concurrent Mark Sweep Collection Count,,0.0,,,true,0,0,0,0
1440177815900,0,GC Concurrent Mark Sweep Collection Time,,0.0,,,true,0,0,0,0
1440177816904,0,GC Par New Collection Count,,0.0,,,true,0,0,0,0
1440177816906,0,GC Par New Collection Time,,0.0,,,true,0,0,0,0
1440177816907,0,GC Concurrent Mark Sweep Collection Count,,0.0,,,true,0,0,0,0
1440177816907,0,GC Concurrent Mark Sweep Collection Time,,0.0,,,true,0,0,0,0
1440177817913,0,GC Par New Collection Count,,0.0,,,true,0,0,0,0
1440177817914,0,GC Par New Collection Time,,0.0,,,true,0,0,0,0
1440177817915,0,GC Concurrent Mark Sweep Collection Count,,0.0,,,true,0,0,0,0
1440177817915,0,GC Concurrent Mark Sweep Collection Time,,0.0,,,true,0,0,0,0
1440177818921,0,GC Par New Collection Count,,0.0,,,true,0,0,0,0
1440177818922,0,GC Par New Collection Time,,0.0,,,true,0,0,0,0
1440177818923,0,GC Concurrent Mark Sweep Collection Count,,0.0,,,true,0,0,0,0
1440177818923,0,GC Concurrent Mark Sweep Collection Time,,0.0,,,true,0,0,0,0
1440177819929,0,GC Par New Collection Count,,0.0,,,true,0,0,0,0
1440177819930,0,GC Par New Collection Time,,0.0,,,true,0,0,0,0
1440177819931,0,GC Concurrent Mark Sweep Collection Count,,0.0,,,true,0,0,0,0
1440177819931,0,GC Concurrent Mark Sweep Collection Time,,0.0,,,true,0,0,0,0
1440177820937,0,GC Par New Collection Count,,0.0,,,true,0,0,0,0
1440177820938,0,GC Par New Collection Time,,0.0,,,true,0,0,0,0
1440177820939,0,GC Concurrent Mark Sweep Collection Count,,0.0,,,true,0,0,0,0
1440177820940,0,GC Concurrent Mark Sweep Collection Time,,0.0,,,true,0,0,0,0
1440177821945,0,GC Par New Collection Count,,0.0,,,true,0,0,0,0
1440177821946,0,GC Par New Collection Time,,0.0,,,true,0,0,0,0
1440177821947,0,GC Concurrent Mark Sweep Collection Count,,0.0,,,true,0,0,0,0
1440177821948,0,GC Concurrent Mark Sweep Collection Time,,0.0,,,true,0,0,0,0
1440177822951,0,GC Par New Collection Count,,0.0,,,true,0,0,0,0
1440177822952,0,GC Par New Collection Time,,0.0,,,true,0,0,0,0
1440177822952,0,GC Concurrent Mark Sweep Collection Count,,0.0,,,true,0,0,0,0
1440177822953,0,GC Concurrent Mark Sweep Collection Time,,0.0,,,true,0,0,0,0
1440177823958,0,GC Par New Collection Count,,0.0,,,true,0,0,0,0
1440177823959,0,GC Par New Collection Time,,0.0,,,true,0,0,0,0
1440177823960,0,GC Concurrent Mark Sweep Collection Count,,0.0,,,true,0,0,0,0
1440177823961,0,GC Concurrent Mark Sweep Collection Time,,0.0,,,true,0,0,0,0
1440177824967,0,GC Par New Collection Count,,0.0,,,true,0,0,0,0
1440177824967,0,GC Par New Collection Time,,0.0,,,true,0,0,0,0
1440177824968,0,GC Concurrent Mark Sweep Collection Count,,0.0,,,true,0,0,0,0
1440177824969,0,GC Concurrent Mark Sweep Collection Time,,0.0,,,true,0,0,0,0
1440177825975,0,GC Par New Collection Count,,0.0,,,true,0,0,0,0
1440177825976,0,GC Par New Collection Time,,0.0,,,true,0,0,0,0
1440177825977,0,GC Concurrent Mark Sweep Collection Count,,0.0,,,true,0,0,0,0
1440177825977,0,GC Concurrent Mark Sweep Collection Time,,0.0,,,true,0,0,0,0
1440177826984,0,GC Par New Collection Count,,0.0,,,true,0,0,0,0
1440177826984,0,GC Par New Collection Time,,0.0,,,true,0,0,0,0
1440177826985,0,GC Concurrent Mark Sweep Collection Count,,0.0,,,true,0,0,0,0
1440177826986,0,GC Concurrent Mark Sweep Collection Time,,0.0,,,true,0,0,0,0
1440177827992,0,GC Par New Collection Count,,0.0,,,true,0,0,0,0
1440177827993,0,GC Par New Collection Time,,0.0,,,true,0,0,0,0
1440177827993,0,GC Concurrent Mark Sweep Collection Count,,0.0,,,true,0,0,0,0
1440177827994,0,GC Concurrent Mark Sweep Collection Time,,0.0,,,true,0,0,0,0
1440177829000,0,GC Par New Collection Count,,0.0,,,true,0,0,0,0
1440177829001,0,GC Par New Collection Time,,0.0,,,true,0,0,0,0
1440177829002,0,GC Concurrent Mark Sweep Collection Count,,0.0,,,true,0,0,0,0
1440177829003,0,GC Concurrent Mark Sweep Collection Time,,0.0,,,true,0,0,0,0
1440177830007,0,GC Par New Collection Count,,0.0,,,true,0,0,0,0
1440177830008,0,GC Par New Collection Time,,0.0,,,true,0,0,0,0
1440177830009,0,GC Concurrent Mark Sweep Collection Count,,0.0,,,true,0,0,0,0
1440177830009,0,GC Concurrent Mark Sweep Collection Time,,0.0,,,true,0,0,0,0
